Workbook

Sheet Customer Names
A1: Customer ID | B1: name | I1: DATA TRANSFORMATION
A2: Id1 | B2: Hawks, Ms. Kelly
A3: Id2 | B3: Lehner, Mr. Matthew D | G3: 1) Split 'names' column in the "Costomer Names" Table into 3 meaningful columns: 'Title','First Name', and 'Last name'.
A4: Id3 | B4: Lu, Mr. Phil
A5: Id4 | B5: Osborne, Ms. Kelsey | H5: Customer ID | I5: Title | J5: First Name | K5: Last Name
A6: Id5 | B6: Kadala, Ms. Kristyn | H6: Id1 | I6: Ms | J6: Kelly | K6: Hawks
A7: Id6 | B7: Baker, Mr. Russell B. | H7: Id2 | I7: Mr | J7: Matthew D | K7: Lehner
A8: Id7 | B8: Macpherson, Mr. Scott | H8: Id3 | I8: Mr | J8: Phil | K8: Lu
A9: Id8 | B9: Hallman, Mr. Stephen | H9: Id4 | I9: Ms | J9: Kelsey | K9: Osborne
A10: Id9 | B10: Moran, Mr. Patrick R. | H10: Id5 | I10: Ms | J10: Kristyn | K10: Kadala
A11: Id10 | B11: Benner, Ms. Brooke N. | H11: Id6 | I11: Mr | J11: Russell B | K11: Baker
A12: Id11 | B12: Fierro Vargas, Ms. Paola Andrea | H12: Id7 | I12: Mr | J12: Scott | K12: Macpherson
A13: Id12 | B13: Franz, Mr. David | H13: Id8 | I13: Mr | J13: Stephen | K13: Hallman
A14: Id13 | B14: Foster, Mr. Wade | H14: Id9 | I14: Mr | J14: Patrick R | K14: Moran
A15: Id14 | B15: Tenorio, Mr. Franklin | H15: Id10 | I15: Ms | J15: Brooke N | K15: Benner
A16: Id15 | B16: Rios, Ms. Leilani M. | H16: Id11 | I16: Ms | J16: Paola Andrea | K16: Fierro Vargas
... A2336: Id2335 | B2336: German, Mr. Aaron K | H2336: Id2331 | I2336: Mr | J2336: Jordan | K2336: Brietzke
H2337: Id2332 | I2337: Mr | J2337: Juan D | K2337: Riveros Gonzalez
H2338: Id2333 | I2338: Ms | J2338: Julie | K2338: Albano
H2339: Id2334 | I2339: Mr | J2339: Evan P | K2339: Rosendahl
H2340: Id2335 | I2340: Mr | J2340: Aaron K | K2340: German

Sheet Hospitalisation Details
A1: Customer ID | B1: year | C1: YEAR (lookup) | D1: month | E1: MONTH (lookup) | F1: date | G1: Date of Birth | H1: children | I1: charges | J1: Charges ($) (lookup) | K1: Hospital tier | L1: Hospital tier (lookup) | M1: City tier | N1: City tier(lookup) | O1: State ID | P1: State ID (lookup) | Q1: Age (lookup)
A2: Id1 | B2: 1992 | C2: =IF(B2="?",ROUND(AVERAGE($B$2:$B$2336),0),B2) -> 1992 | D2: Jul | E2: =SUBSTITUTE(D2,"?","Sep") -> Jul | F2: 9 | G2: =DATE(C2,MONTH(E2&2),F2) -> 33794 | H2: 0 | I2: 563.84 | J2: 563.84 | K2: tier - 2 | L2: {=SUBSTITUTE(K2:K2344,"?","nil")} -> tier - 2 | M2: tier - 3 | N2: {=SUBSTITUTE(M2:M2344,"?","nil")} -> tier - 3 | O2: R1013 | P2: {=SUBSTITUTE(O2:O2336,"?","Unknown")} -> R1013 | Q2: =INT((TODAY()-G2)/365.25) -> 33 | V2: DATA CLEANING | AJ2: DATA CLEANING | AT2: DATA CLEANING | BD2: DATA TRANSFORMATION | BM2: DATA TRANSFORMATION | BT2: DATA TRANSFORMATION
A3: Id2 | B3: 1992 | C3: =IF(B3="?",ROUND(AVERAGE($B$2:$B$2336),0),B3) -> 1992 | D3: Nov | E3: =SUBSTITUTE(D3,"?","Sep") -> Nov | F3: 30 | G3: =DATE(C3,MONTH(E3&2),F3) -> 33938 | H3: 0 | I3: 570.62 | J3: 570.62 | K3: tier - 2 | L3: tier - 2 | M3: tier - 1 | N3: tier - 1 | O3: R1013 | P3: R1013 | Q3: =INT((TODAY()-G3)/365.25) -> 32
A4: Id3 | B4: 1993 | C4: =IF(B4="?",ROUND(AVERAGE($B$2:$B$2336),0),B4) -> 1993 | D4: Jun | E4: =SUBSTITUTE(D4,"?","Sep") -> Jun | F4: 30 | G4: =DATE(C4,MONTH(E4&2),F4) -> 34150 | H4: 0 | I4: 600 | J4: 600 | K4: tier - 2 | L4: tier - 2 | M4: tier - 1 | N4: tier - 1 | O4: R1013 | P4: R1013 | Q4: =INT((TODAY()-G4)/365.25) -> 32 | S4: 1) The Number of missing values in the Hospitalisation Details to contain "?" = | AC4: =COUNTIF(A2:O2336,"?") -> 8 | AF4: 3) Determine the most frequently occurring values in the ‘smoker’, 'Hospital tier' and 'City tier' | AQ4: 4) If any 'State ID' values are missing, consider filling them with 'Unknown' or using another | BA4: 6) Merge ‘year’, ‘month’ and ‘date’ columns in the “Hospitalization Details” Table into one | BK4: 7) Calculate the ‘Age’ of each customer based on their ‘Date of Birth’ and the date of | BT4: 8) Format ‘charges’ column as currency ($).
A5: Id4 | B5: 1992 | C5: =IF(B5="?",ROUND(AVERAGE($B$2:$B$2336),0),B5) -> 1992 | D5: Sep | E5: =SUBSTITUTE(D5,"?","Sep") -> Sep | F5: 13 | G5: =DATE(C5,MONTH(E5&2),F5) -> 33860 | H5: 0 | I5: 604.54 | J5: 604.54 | K5: tier - 3 | L5: tier - 3 | M5: tier - 3 | N5: tier - 3 | O5: R1013 | P5: R1013 | Q5: =INT((TODAY()-G5)/365.25) -> 33 | AF5: columns, and fill in the missing values accordingly. | AQ5: appropriate strategy. | BA5: column named ‘Date of Birth’ and format it in ‘DD-MMM-YYYY’ custom format. | BK5: collection of the dataset.
A6: Id5 | B6: 1998 | C6: =IF(B6="?",ROUND(AVERAGE($B$2:$B$2336),0),B6) -> 1998 | D6: Jul | E6: =SUBSTITUTE(D6,"?","Sep") -> Jul | F6: 27 | G6: =DATE(C6,MONTH(E6&2),F6) -> 36003 | H6: 0 | I6: 637.26 | J6: 637.26 | K6: tier - 3 | L6: tier - 3 | M6: tier - 3 | N6: tier - 3 | O6: R1013 | P6: R1013 | Q6: =INT((TODAY()-G6)/365.25) -> 27 | V6: DATA CLEANING
A7: Id6 | B7: 2001 | C7: =IF(B7="?",ROUND(AVERAGE($B$2:$B$2336),0),B7) -> 2001 | D7: Nov | E7: =SUBSTITUTE(D7,"?","Sep") -> Nov | F7: 20 | G7: =DATE(C7,MONTH(E7&2),F7) -> 37215 | H7: 0 | I7: 646.14 | J7: 646.14 | K7: tier - 3 | L7: tier - 3 | M7: tier - 3 | N7: tier - 3 | O7: R1012 | P7: R1012 | Q7: =INT((TODAY()-G7)/365.25) -> 23 | BM7: year | BN7: month | BO7: date | BP7: Date of Birth | BQ7: Age | BU7: charges | BV7: Charges ($)
A8: Id7 | B8: 1993 | C8: =IF(B8="?",ROUND(AVERAGE($B$2:$B$2336),0),B8) -> 1993 | D8: Jun | E8: =SUBSTITUTE(D8,"?","Sep") -> Jun | F8: 1 | G8: =DATE(C8,MONTH(E8&2),F8) -> 34121 | H8: 0 | I8: 650 | J8: 650 | K8: tier - 3 | L8: tier - 3 | M8: tier - 3 | N8: tier - 3 | O8: R1013 | P8: R1013 | Q8: =INT((TODAY()-G8)/365.25) -> 32 | S8: 2) Fill in the missing values of ‘month’ with Sep and ‘year’ with its average = | AC8: =AVERAGE(X13:X2347) -> 1982.8647 | AG8: Customer ID | AH8: smoker | AI8: Hospital tier | AJ8: City tier | AK8: Missing Values In "HT" | AL8: Missing Values In "CT" | AT8: State ID | AU8: Missing State ID | BD8: year | BE8: month | BF8: date | BG8: Date of Birth | BM8: 1992 | BN8: =SUBSTITUTE(E2,"?","Sep") -> Jul | BO8: 9 | BP8: =DATE(BM8,MONTH(5&BN8),BO8) -> 33794 | BQ8: =INT((TODAY()-BP8)/365.25) -> 33 | BU8: 563.84 | BV8: 563.84
A9: Id8 | B9: 1995 | C9: =IF(B9="?",ROUND(AVERAGE($B$2:$B$2336),0),B9) -> 1995 | D9: Jul | E9: =SUBSTITUTE(D9,"?","Sep") -> Jul | F9: 4 | G9: =DATE(C9,MONTH(E9&2),F9) -> 34884 | H9: 0 | I9: 650 | J9: 650 | K9: tier - 3 | L9: tier - 3 | M9: tier - 3 | N9: tier - 3 | O9: R1013 | P9: R1013 | Q9: =INT((TODAY()-G9)/365.25) -> 30 | S9: rounded to the nearest integer. = | AC9: =ROUND(1982.842,0) -> 1983 | AG9: Id1 | AH9: yes | AI9: tier - 2 | AJ9: tier - 3 | AK9: {=SUBSTITUTE(AI9:AI2343,"?","UNKNOWN")} -> tier - 2 | AL9: {=SUBSTITUTE(AJ9:AJ2343,"?","UNKNOWN")} -> tier - 3 | AT9: R1013 | AU9: {=SUBSTITUTE(AT9:AT2351,"?","Unknown")} -> R1013 | BD9: 1992 | BE9: =SUBSTITUTE(D2,"?","Sep") -> Jul | BF9: 9 | BG9: =DATE(BD9,MONTH(5&BE9),BF9) -> 33794 | BM9: 1992 | BN9: =SUBSTITUTE(E3,"?","Sep") -> Nov | BO9: 30 | BP9: =DATE(BM9,MONTH(5&BN9),BO9) -> 33938 | BQ9: =INT((TODAY()-BP9)/365.25) -> 32 | BU9: 570.62 | BV9: 570.62
A10: Id9 | B10: 2002 | C10: =IF(B10="?",ROUND(AVERAGE($B$2:$B$2336),0),B10) -> 2002 | D10: Nov | E10: =SUBSTITUTE(D10,"?","Sep") -> Nov | F10: 29 | G10: =DATE(C10,MONTH(E10&2),F10) -> 37589 | H10: 0 | I10: 668 | J10: 668 | K10: tier - 3 | L10: tier - 3 | M10: tier - 2 | N10: tier - 2 | O10: R1012 | P10: R1012 | Q10: =INT((TODAY()-G10)/365.25) -> 22 | AG10: Id2 | AH10: yes | AI10: tier - 2 | AJ10: tier - 1 | AK10: tier - 2 | AL10: tier - 1 | AT10: R1013 | AU10: R1013 | BD10: 1992 | BE10: =SUBSTITUTE(D3,"?","Sep") -> Nov | BF10: 30 | BG10: =DATE(BD10,MONTH(5&BE10),BF10) -> 33938 | BM10: 1993 | BN10: =SUBSTITUTE(E4,"?","Sep") -> Jun | BO10: 30 | BP10: =DATE(BM10,MONTH(5&BN10),BO10) -> 34150 | BQ10: =INT((TODAY()-BP10)/365.25) -> 32 | BU10: 600 | BV10: 600
A11: Id10 | B11: 1997 | C11: =IF(B11="?",ROUND(AVERAGE($B$2:$B$2336),0),B11) -> 1997 | D11: Nov | E11: =SUBSTITUTE(D11,"?","Sep") -> Nov | F11: 9 | G11: =DATE(C11,MONTH(E11&2),F11) -> 35743 | H11: 0 | I11: 670 | J11: 670 | K11: tier - 3 | L11: tier - 3 | M11: tier - 3 | N11: tier - 3 | O11: R1013 | P11: R1013 | Q11: =INT((TODAY()-G11)/365.25) -> 27 | AG11: Id3 | AH11: yes | AI11: tier - 2 | AJ11: tier - 1 | AK11: tier - 2 | AL11: tier - 1 | AT11: R1013 | AU11: R1013 | BD11: 1993 | BE11: =SUBSTITUTE(D4,"?","Sep") -> Jun | BF11: 30 | BG11: =DATE(BD11,MONTH(5&BE11),BF11) -> 34150 | BM11: 1992 | BN11: =SUBSTITUTE(E5,"?","Sep") -> Sep | BO11: 13 | BP11: =DATE(BM11,MONTH(5&BN11),BO11) -> 33860 | BQ11: =INT((TODAY()-BP11)/365.25) -> 33 | BU11: 604.54 | BV11: 604.54
A12: Id11 | B12: 2001 | C12: =IF(B12="?",ROUND(AVERAGE($B$2:$B$2336),0),B12) -> 2001 | D12: Sep | E12: =SUBSTITUTE(D12,"?","Sep") -> Sep | F12: 12 | G12: =DATE(C12,MONTH(E12&2),F12) -> 37146 | H12: 0 | I12: 687.54 | J12: 687.54 | K12: tier - 3 | L12: tier - 3 | M12: tier - 2 | N12: tier - 2 | O12: R1013 | P12: R1013 | Q12: =INT((TODAY()-G12)/365.25) -> 24 | U12: month | V12: MONTH | X12: year | AG12: Id4 | AH12: yes | AI12: tier - 3 | AJ12: tier - 3 | AK12: tier - 3 | AL12: tier - 3 | AT12: R1013 | AU12: R1013 | BD12: 1992 | BE12: =SUBSTITUTE(D5,"?","Sep") -> Sep | BF12: 13 | BG12: =DATE(BD12,MONTH(5&BE12),BF12) -> 33860 | BM12: 1998 | BN12: =SUBSTITUTE(E6,"?","Sep") -> Jul | BO12: 27 | BP12: =DATE(BM12,MONTH(5&BN12),BO12) -> 36003 | BQ12: =INT((TODAY()-BP12)/365.25) -> 27 | BU12: 637.26 | BV12: 637.26
A13: Id12 | B13: 1999 | C13: =IF(B13="?",ROUND(AVERAGE($B$2:$B$2336),0),B13) -> 1999 | D13: Dec | E13: =SUBSTITUTE(D13,"?","Sep") -> Dec | F13: 26 | G13: =DATE(C13,MONTH(E13&2),F13) -> 36520 | H13: 0 | I13: 700 | J13: 700 | K13: ? | L13: nil | M13: tier - 3 | N13: tier - 3 | O13: R1013 | P13: R1013 | Q13: =INT((TODAY()-G13)/365.25) -> 25 | U13: Jul | V13: =SUBSTITUTE(U13,"?","Sep") -> Jul | X13: =IF(B2="?",ROUND(AVERAGE($B$2:$B$2355),0),B2) -> 1992 | AG13: Id5 | AH13: yes | AI13: tier - 3 | AJ13: tier - 3 | AK13: tier - 3 | AL13: tier - 3 | AT13: R1013 | AU13: R1013 | BD13: 1998 | BE13: =SUBSTITUTE(D6,"?","Sep") -> Jul | BF13: 27 | BG13: =DATE(BD13,MONTH(5&BE13),BF13) -> 36003 | BM13: 2001 | BN13: =SUBSTITUTE(E7,"?","Sep") -> Nov | BO13: 20 | BP13: =DATE(BM13,MONTH(5&BN13),BO13) -> 37215 | BQ13: =INT((TODAY()-BP13)/365.25) -> 23 | BU13: 646.14 | BV13: 646.14
A14: Id13 | B14: 1999 | C14: =IF(B14="?",ROUND(AVERAGE($B$2:$B$2336),0),B14) -> 1999 | D14: Dec | E14: =SUBSTITUTE(D14,"?","Sep") -> Dec | F14: 14 | G14: =DATE(C14,MONTH(E14&2),F14) -> 36508 | H14: 0 | I14: 722.99 | J14: 722.99 | K14: tier - 3 | L14: tier - 3 | M14: tier - 1 | N14: tier - 1 | O14: R1013 | P14: R1013 | Q14: =INT((TODAY()-G14)/365.25) -> 25 | U14: Nov | V14: =SUBSTITUTE(U14,"?","Sep") -> Nov | X14: =IF(B3="?",ROUND(AVERAGE($B$2:$B$2355),0),B3) -> 1992 | AG14: Id6 | AH14: yes | AI14: tier - 3 | AJ14: tier - 3 | AK14: tier - 3 | AL14: tier - 3 | AT14: R1012 | AU14: R1012 | BD14: 2001 | BE14: =SUBSTITUTE(D7,"?","Sep") -> Nov | BF14: 20 | BG14: =DATE(BD14,MONTH(5&BE14),BF14) -> 37215 | BM14: 1993 | BN14: =SUBSTITUTE(E8,"?","Sep") -> Jun | BO14: 1 | BP14: =DATE(BM14,MONTH(5&BN14),BO14) -> 34121 | BQ14: =INT((TODAY()-BP14)/365.25) -> 32 | BU14: 650 | BV14: 650
A15: Id14 | B15: 2002 | C15: =IF(B15="?",ROUND(AVERAGE($B$2:$B$2336),0),B15) -> 2002 | D15: ? | E15: =SUBSTITUTE(D15,"?","Sep") -> Sep | F15: 19 | G15: =DATE(C15,MONTH(E15&2),F15) -> 37518 | H15: 0 | I15: 750 | J15: 750 | K15: tier - 3 | L15: tier - 3 | M15: tier - 1 | N15: tier - 1 | O15: R1012 | P15: R1012 | Q15: =INT((TODAY()-G15)/365.25) -> 23 | U15: Jun | V15: =SUBSTITUTE(U15,"?","Sep") -> Jun | X15: =IF(B4="?",ROUND(AVERAGE($B$2:$B$2355),0),B4) -> 1993 | AG15: Id7 | AH15: yes | AI15: tier - 3 | AJ15: tier - 3 | AK15: tier - 3 | AL15: tier - 3 | AT15: R1013 | AU15: R1013 | BD15: 1993 | BE15: =SUBSTITUTE(D8,"?","Sep") -> Jun | BF15: 1 | BG15: =DATE(BD15,MONTH(5&BE15),BF15) -> 34121 | BM15: 1995 | BN15: =SUBSTITUTE(E9,"?","Sep") -> Jul | BO15: 4 | BP15: =DATE(BM15,MONTH(5&BN15),BO15) -> 34884 | BQ15: =INT((TODAY()-BP15)/365.25) -> 30 | BU15: 650 | BV15: 650
A16: Id15 | B16: 1993 | C16: =IF(B16="?",ROUND(AVERAGE($B$2:$B$2336),0),B16) -> 1993 | D16: Aug | E16: =SUBSTITUTE(D16,"?","Sep") -> Aug | F16: 9 | G16: =DATE(C16,MONTH(E16&2),F16) -> 34190 | H16: 0 | I16: 760 | J16: 760 | K16: tier - 3 | L16: tier - 3 | M16: tier - 1 | N16: tier - 1 | O16: R1013 | P16: R1013 | Q16: =INT((TODAY()-G16)/365.25) -> 32 | U16: Sep | V16: =SUBSTITUTE(U16,"?","Sep") -> Sep | X16: =IF(B5="?",ROUND(AVERAGE($B$2:$B$2355),0),B5) -> 1992 | AG16: Id8 | AH16: yes | AI16: tier - 3 | AJ16: tier - 3 | AK16: tier - 3 | AL16: tier - 3 | AT16: R1013 | AU16: R1013 | BD16: 1995 | BE16: =SUBSTITUTE(D9,"?","Sep") -> Jul | BF16: 4 | BG16: =DATE(BD16,MONTH(5&BE16),BF16) -> 34884 | BM16: 2002 | BN16: =SUBSTITUTE(E10,"?","Sep") -> Nov | BO16: 29 | BP16: =DATE(BM16,MONTH(5&BN16),BO16) -> 37589 | BQ16: =INT((TODAY()-BP16)/365.25) -> 22 | BU16: 668 | BV16: 668
A17: Id16 | B17: 1996 | C17: =IF(B17="?",ROUND(AVERAGE($B$2:$B$2336),0),B17) -> 1996 | D17: Oct | E17: =SUBSTITUTE(D17,"?","Sep") -> Oct | F17: 22 | G17: =DATE(C17,MONTH(E17&2),F17) -> 35360 | H17: 0 | I17: 760 | J17: 760 | K17: tier - 3 | L17: tier - 3 | M17: tier - 3 | N17: tier - 3 | O17: R1013 | P17: R1013 | Q17: =INT((TODAY()-G17)/365.25) -> 29 | U17: Jul | V17: =SUBSTITUTE(U17,"?","Sep") -> Jul | X17: =IF(B6="?",ROUND(AVERAGE($B$2:$B$2355),0),B6) -> 1998 | AG17: Id9 | AH17: yes | AI17: tier - 3 | AJ17: tier - 2 | AK17: tier - 3 | AL17: tier - 2 | AT17: R1012 | AU17: R1012 | BD17: 2002 | BE17: =SUBSTITUTE(D10,"?","Sep") -> Nov | BF17: 29 | BG17: =DATE(BD17,MONTH(5&BE17),BF17) -> 37589 | BM17: 1997 | BN17: =SUBSTITUTE(E11,"?","Sep") -> Nov | BO17: 9 | BP17: =DATE(BM17,MONTH(5&BN17),BO17) -> 35743 | BQ17: =INT((TODAY()-BP17)/365.25) -> 27 | BU17: 670 | BV17: 670
A18: Id17 | B18: 1993 | C18: =IF(B18="?",ROUND(AVERAGE($B$2:$B$2336),0),B18) -> 1993 | D18: Jun | E18: =SUBSTITUTE(D18,"?","Sep") -> Jun | F18: 28 | G18: =DATE(C18,MONTH(E18&2),F18) -> 34148 | H18: 0 | I18: 770 | J18: 770 | K18: tier - 3 | L18: tier - 3 | M18: tier - 3 | N18: tier - 3 | O18: R1013 | P18: R1013 | Q18: =INT((TODAY()-G18)/365.25) -> 32 | U18: Nov | V18: =SUBSTITUTE(U18,"?","Sep") -> Nov | X18: =IF(B7="?",ROUND(AVERAGE($B$2:$B$2355),0),B7) -> 2001 | AG18: Id10 | AH18: yes | AI18: tier - 3 | AJ18: tier - 3 | AK18: tier - 3 | AL18: tier - 3 | AT18: R1013 | AU18: R1013 | BD18: 1997 | BE18: =SUBSTITUTE(D11,"?","Sep") -> Nov | BF18: 9 | BG18: =DATE(BD18,MONTH(5&BE18),BF18) -> 35743 | BM18: 2001 | BN18: =SUBSTITUTE(E12,"?","Sep") -> Sep | BO18: 12 | BP18: =DATE(BM18,MONTH(5&BN18),BO18) -> 37146 | BQ18: =INT((TODAY()-BP18)/365.25) -> 24 | BU18: 687.54 | BV18: 687.54
A19: Id18 | B19: 1996 | C19: =IF(B19="?",ROUND(AVERAGE($B$2:$B$2336),0),B19) -> 1996 | D19: ? | E19: =SUBSTITUTE(D19,"?","Sep") -> Sep | F19: 18 | G19: =DATE(C19,MONTH(E19&2),F19) -> 35326 | H19: 0 | I19: 770.38 | J19: 770.38 | K19: tier - 3 | L19: tier - 3 | M19: ? | N19: nil | O19: R1012 | P19: R1012 | Q19: =INT((TODAY()-G19)/365.25) -> 29 | U19: Jun | V19: =SUBSTITUTE(U19,"?","Sep") -> Jun | X19: =IF(B8="?",ROUND(AVERAGE($B$2:$B$2355),0),B8) -> 1993 | AG19: Id11 | AH19: yes | AI19: tier - 3 | AJ19: tier - 2 | AK19: tier - 3 | AL19: tier - 2 | AT19: R1013 | AU19: R1013 | BD19: 2001 | BE19: =SUBSTITUTE(D12,"?","Sep") -> Sep | BF19: 12 | BG19: =DATE(BD19,MONTH(5&BE19),BF19) -> 37146 | BM19: 1999 | BN19: =SUBSTITUTE(E13,"?","Sep") -> Dec | BO19: 26 | BP19: =DATE(BM19,MONTH(5&BN19),BO19) -> 36520 | BQ19: =INT((TODAY()-BP19)/365.25) -> 25 | BU19: 700 | BV19: 700
A20: Id19 | B20: 1995 | C20: =IF(B20="?",ROUND(AVERAGE($B$2:$B$2336),0),B20) -> 1995 | D20: Dec | E20: =SUBSTITUTE(D20,"?","Sep") -> Dec | F20: 7 | G20: =DATE(C20,MONTH(E20&2),F20) -> 35040 | H20: 0 | I20: 773.54 | J20: 773.54 | K20: tier - 3 | L20: tier - 3 | M20: tier - 2 | N20: tier - 2 | O20: R1013 | P20: R1013 | Q20: =INT((TODAY()-G20)/365.25) -> 29 | U20: Jul | V20: =SUBSTITUTE(U20,"?","Sep") -> Jul | X20: =IF(B9="?",ROUND(AVERAGE($B$2:$B$2355),0),B9) -> 1995 | AG20: Id12 | AH20: yes | AI20: ? | AJ20: tier - 3 | AK20: UNKNOWN | AL20: tier - 3 | AT20: R1013 | AU20: R1013 | BD20: 1999 | BE20: =SUBSTITUTE(D13,"?","Sep") -> Dec | BF20: 26 | BG20: =DATE(BD20,MONTH(5&BE20),BF20) -> 36520 | BM20: 1999 | BN20: =SUBSTITUTE(E14,"?","Sep") -> Dec | BO20: 14 | BP20: =DATE(BM20,MONTH(5&BN20),BO20) -> 36508 | BQ20: =INT((TODAY()-BP20)/365.25) -> 25 | BU20: 722.99 | BV20: 722.99
A21: Id20 | B21: 2004 | C21: =IF(B21="?",ROUND(AVERAGE($B$2:$B$2336),0),B21) -> 2004 | D21: Oct | E21: =SUBSTITUTE(D21,"?","Sep") -> Oct | F21: 7 | G21: =DATE(C21,MONTH(E21&2),F21) -> 38267 | H21: 0 | I21: 830.52 | J21: 830.52 | K21: tier - 3 | L21: tier - 3 | M21: tier - 2 | N21: tier - 2 | O21: R1011 | P21: R1011 | Q21: =INT((TODAY()-G21)/365.25) -> 21 | U21: Nov | V21: =SUBSTITUTE(U21,"?","Sep") -> Nov | X21: =IF(B10="?",ROUND(AVERAGE($B$2:$B$2355),0),B10) -> 2002 | AG21: Id13 | AH21: yes | AI21: tier - 3 | AJ21: tier - 1 | AK21: tier - 3 | AL21: tier - 1 | AT21: R1013 | AU21: R1013 | BD21: 1999 | BE21: =SUBSTITUTE(D14,"?","Sep") -> Dec | BF21: 14 | BG21: =DATE(BD21,MONTH(5&BE21),BF21) -> 36508 | BM21: 2002 | BN21: =SUBSTITUTE(E15,"?","Sep") -> Sep | BO21: 19 | BP21: =DATE(BM21,MONTH(5&BN21),BO21) -> 37518 | BQ21: =INT((TODAY()-BP21)/365.25) -> 23 | BU21: 750 | BV21: 750
A22: Id21 | B22: 2000 | C22: =IF(B22="?",ROUND(AVERAGE($B$2:$B$2336),0),B22) -> 2000 | D22: Nov | E22: =SUBSTITUTE(D22,"?","Sep") -> Nov | F22: 18 | G22: =DATE(C22,MONTH(E22&2),F22) -> 36848 | H22: 0 | I22: 865.41 | J22: 865.41 | K22: tier - 3 | L22: tier - 3 | M22: tier - 1 | N22: tier - 1 | O22: R1013 | P22: R1013 | Q22: =INT((TODAY()-G22)/365.25) -> 24 | U22: Nov | V22: =SUBSTITUTE(U22,"?","Sep") -> Nov | X22: =IF(B11="?",ROUND(AVERAGE($B$2:$B$2355),0),B11) -> 1997 | AG22: Id14 | AH22: yes | AI22: tier - 3 | AJ22: tier - 1 | AK22: tier - 3 | AL22: tier - 1 | AT22: R1012 | AU22: R1012 | BD22: 2002 | BE22: =SUBSTITUTE(D15,"?","Sep") -> Sep | BF22: 19 | BG22: =DATE(BD22,MONTH(5&BE22),BF22) -> 37518 | BM22: 1993 | BN22: =SUBSTITUTE(E16,"?","Sep") -> Aug | BO22: 9 | BP22: =DATE(BM22,MONTH(5&BN22),BO22) -> 34190 | BQ22: =INT((TODAY()-BP22)/365.25) -> 32 | BU22: 760 | BV22: 760
A23: Id22 | B23: 1993 | C23: =IF(B23="?",ROUND(AVERAGE($B$2:$B$2336),0),B23) -> 1993 | D23: Nov | E23: =SUBSTITUTE(D23,"?","Sep") -> Nov | F23: 27 | G23: =DATE(C23,MONTH(E23&2),F23) -> 34300 | H23: 0 | I23: 896.21 | J23: 896.21 | K23: tier - 3 | L23: tier - 3 | M23: tier - 1 | N23: tier - 1 | O23: R1013 | P23: R1013 | Q23: =INT((TODAY()-G23)/365.25) -> 31 | U23: Sep | V23: =SUBSTITUTE(U23,"?","Sep") -> Sep | X23: =IF(B12="?",ROUND(AVERAGE($B$2:$B$2355),0),B12) -> 2001 | AG23: Id15 | AH23: yes | AI23: tier - 3 | AJ23: tier - 1 | AK23: tier - 3 | AL23: tier - 1 | AT23: R1013 | AU23: R1013 | BD23: 1993 | BE23: =SUBSTITUTE(D16,"?","Sep") -> Aug | BF23: 9 | BG23: =DATE(BD23,MONTH(5&BE23),BF23) -> 34190 | BM23: 1996 | BN23: =SUBSTITUTE(E17,"?","Sep") -> Oct | BO23: 22 | BP23: =DATE(BM23,MONTH(5&BN23),BO23) -> 35360 | BQ23: =INT((TODAY()-BP23)/365.25) -> 29 | BU23: 760 | BV23: 760
A24: Id23 | B24: 1994 | C24: =IF(B24="?",ROUND(AVERAGE($B$2:$B$2336),0),B24) -> 1994 | D24: Oct | E24: =SUBSTITUTE(D24,"?","Sep") -> Oct | F24: 30 | G24: =DATE(C24,MONTH(E24&2),F24) -> 34637 | H24: 0 | I24: 915.07 | J24: 915.07 | K24: tier - 3 | L24: tier - 3 | M24: tier - 1 | N24: tier - 1 | O24: R1013 | P24: R1013 | Q24: =INT((TODAY()-G24)/365.25) -> 31 | U24: Dec | V24: =SUBSTITUTE(U24,"?","Sep") -> Dec | X24: =IF(B13="?",ROUND(AVERAGE($B$2:$B$2355),0),B13) -> 1999 | AG24: Id16 | AH24: yes | AI24: tier - 3 | AJ24: tier - 3 | AK24: tier - 3 | AL24: tier - 3 | AT24: R1013 | AU24: R1013 | BD24: 1996 | BE24: =SUBSTITUTE(D17,"?","Sep") -> Oct | BF24: 22 | BG24: =DATE(BD24,MONTH(5&BE24),BF24) -> 35360 | BM24: 1993 | BN24: =SUBSTITUTE(E18,"?","Sep") -> Jun | BO24: 28 | BP24: =DATE(BM24,MONTH(5&BN24),BO24) -> 34148 | BQ24: =INT((TODAY()-BP24)/365.25) -> 32 | BU24: 770 | BV24: 770
... A1050: Id1049 | B1050: 1977 | C1050: =IF(B1050="?",ROUND(AVERAGE($B$2:$B$2336),0),B1050) -> 1977 | D1050: Jul | E1050: =SUBSTITUTE(D1050,"?","Sep") -> Jul | F1050: 26 | G1050: =DATE(C1050,MONTH(E1050&2),F1050) -> 28332 | H1050: 2 | I1050: 8527.53 | J1050: 8527.53 | K1050: tier - 2 | L1050: tier - 2 | M1050: tier - 2 | N1050: tier - 2 | O1050: R1013 | P1050: R1013 | Q1050: =INT((TODAY()-G1050)/365.25) -> 48 | U1050: Sep | V1050: =SUBSTITUTE(U1050,"?","Sep") -> Sep | X1050: =IF(B1039="?",ROUND(AVERAGE($B$2:$B$2355),0),B1039) -> 1972 | AG1050: Id1042 | AH1050: No | AI1050: tier - 2 | AJ1050: tier - 3 | AK1050: tier - 2 | AL1050: tier - 3 | AT1050: R1011 | AU1050: R1011 | BD1050: 1972 | BE1050: =SUBSTITUTE(D1043,"?","Sep") -> Dec | BF1050: 26 | BG1050: =DATE(BD1050,MONTH(5&BE1050),BF1050) -> 26659 | BM1050: 1992 | BN1050: =SUBSTITUTE(E1044,"?","Sep") -> Sep | BO1050: 9 | BP1050: =DATE(BM1050,MONTH(5&BN1050),BO1050) -> 33856 | BQ1050: =INT((TODAY()-BP1050)/365.25) -> 33 | BU1050: 8466.35 | BV1050: 8466.35
A1051: Id1050 | B1051: ? | C1051: =IF(B1051="?",ROUND(AVERAGE($B$2:$B$2336),0),B1051) -> 1983 | D1051: Jul | E1051: =SUBSTITUTE(D1051,"?","Sep") -> Jul | F1051: 24 | G1051: =DATE(C1051,MONTH(E1051&2),F1051) -> 30521 | H1051: 0 | I1051: 8534.67 | J1051: 8534.67 | K1051: tier - 2 | L1051: tier - 2 | M1051: tier - 3 | N1051: tier - 3 | O1051: R1024 | P1051: R1024 | Q1051: =INT((TODAY()-G1051)/365.25) -> 42 | U1051: Sep | V1051: =SUBSTITUTE(U1051,"?","Sep") -> Sep | X1051: =IF(B1040="?",ROUND(AVERAGE($B$2:$B$2355),0),B1040) -> 1972 | AG1051: Id1043 | AH1051: No | AI1051: tier - 2 | AJ1051: tier - 2 | AK1051: tier - 2 | AL1051: tier - 2 | AT1051: R1012 | AU1051: R1012 | BD1051: 1992 | BE1051: =SUBSTITUTE(D1044,"?","Sep") -> Sep | BF1051: 9 | BG1051: =DATE(BD1051,MONTH(5&BE1051),BF1051) -> 33856 | BM1051: 1993 | BN1051: =SUBSTITUTE(E1045,"?","Sep") -> Nov | BO1051: 10 | BP1051: =DATE(BM1051,MONTH(5&BN1051),BO1051) -> 34283 | BQ1051: =INT((TODAY()-BP1051)/365.25) -> 31 | BU1051: 8471.65 | BV1051: 8471.65
A1052: Id1051 | B1052: 1981 | C1052: =IF(B1052="?",ROUND(AVERAGE($B$2:$B$2336),0),B1052) -> 1981 | D1052: Dec | E1052: =SUBSTITUTE(D1052,"?","Sep") -> Dec | F1052: 27 | G1052: =DATE(C1052,MONTH(E1052&2),F1052) -> 29947 | H1052: 3 | I1052: 8538.29 | J1052: 8538.29 | K1052: tier - 2 | L1052: tier - 2 | M1052: tier - 3 | N1052: tier - 3 | O1052: R1024 | P1052: R1024 | Q1052: =INT((TODAY()-G1052)/365.25) -> 43 | U1052: Jun | V1052: =SUBSTITUTE(U1052,"?","Sep") -> Jun | X1052: =IF(B1041="?",ROUND(AVERAGE($B$2:$B$2355),0),B1041) -> 1966 | AG1052: Id1044 | AH1052: No | AI1052: tier - 2 | AJ1052: tier - 1 | AK1052: tier - 2 | AL1052: tier - 1 | AT1052: R1012 | AU1052: R1012 | BD1052: 1993 | BE1052: =SUBSTITUTE(D1045,"?","Sep") -> Nov | BF1052: 10 | BG1052: =DATE(BD1052,MONTH(5&BE1052),BF1052) -> 34283 | BM1052: 1977 | BN1052: =SUBSTITUTE(E1046,"?","Sep") -> Dec | BO1052: 26 | BP1052: =DATE(BM1052,MONTH(5&BN1052),BO1052) -> 28485 | BQ1052: =INT((TODAY()-BP1052)/365.25) -> 47 | BU1052: 8515.76 | BV1052: 8515.76
A1053: Id1052 | B1053: 1975 | C1053: =IF(B1053="?",ROUND(AVERAGE($B$2:$B$2336),0),B1053) -> 1975 | D1053: Nov | E1053: =SUBSTITUTE(D1053,"?","Sep") -> Nov | F1053: 6 | G1053: =DATE(C1053,MONTH(E1053&2),F1053) -> 27704 | H1053: 1 | I1053: 8539.67 | J1053: 8539.67 | K1053: tier - 2 | L1053: tier - 2 | M1053: tier - 3 | N1053: tier - 3 | O1053: R1011 | P1053: R1011 | Q1053: =INT((TODAY()-G1053)/365.25) -> 49 | U1053: Jun | V1053: =SUBSTITUTE(U1053,"?","Sep") -> Jun | X1053: =IF(B1042="?",ROUND(AVERAGE($B$2:$B$2355),0),B1042) -> 1984 | AG1053: Id1045 | AH1053: No | AI1053: tier - 2 | AJ1053: tier - 2 | AK1053: tier - 2 | AL1053: tier - 2 | AT1053: R1013 | AU1053: R1013 | BD1053: 1977 | BE1053: =SUBSTITUTE(D1046,"?","Sep") -> Dec | BF1053: 26 | BG1053: =DATE(BD1053,MONTH(5&BE1053),BF1053) -> 28485 | BM1053: 1977 | BN1053: =SUBSTITUTE(E1047,"?","Sep") -> Jun | BO1053: 21 | BP1053: =DATE(BM1053,MONTH(5&BN1053),BO1053) -> 28297 | BQ1053: =INT((TODAY()-BP1053)/365.25) -> 48 | BU1053: 8516.83 | BV1053: 8516.83
A1054: Id1053 | B1054: ? | C1054: =IF(B1054="?",ROUND(AVERAGE($B$2:$B$2336),0),B1054) -> 1983 | D1054: Dec | E1054: =SUBSTITUTE(D1054,"?","Sep") -> Dec | F1054: 12 | G1054: =DATE(C1054,MONTH(E1054&2),F1054) -> 30662 | H1054: 1 | I1054: 8547.69 | J1054: 8547.69 | K1054: tier - 2 | L1054: tier - 2 | M1054: tier - 1 | N1054: tier - 1 | O1054: R1013 | P1054: R1013 | Q1054: =INT((TODAY()-G1054)/365.25) -> 41 | U1054: Dec | V1054: =SUBSTITUTE(U1054,"?","Sep") -> Dec | X1054: =IF(B1043="?",ROUND(AVERAGE($B$2:$B$2355),0),B1043) -> 1972 | AG1054: Id1046 | AH1054: No | AI1054: tier - 2 | AJ1054: tier - 1 | AK1054: tier - 2 | AL1054: tier - 1 | AT1054: R1013 | AU1054: R1013 | BD1054: 1977 | BE1054: =SUBSTITUTE(D1047,"?","Sep") -> Jun | BF1054: 21 | BG1054: =DATE(BD1054,MONTH(5&BE1054),BF1054) -> 28297 | BM1054: 1977 | BN1054: =SUBSTITUTE(E1048,"?","Sep") -> Dec | BO1054: 29 | BP1054: =DATE(BM1054,MONTH(5&BN1054),BO1054) -> 28488 | BQ1054: =INT((TODAY()-BP1054)/365.25) -> 47 | BU1054: 8520.03 | BV1054: 8520.03
A1055: Id1054 | B1055: 1975 | C1055: =IF(B1055="?",ROUND(AVERAGE($B$2:$B$2336),0),B1055) -> 1975 | D1055: Aug | E1055: =SUBSTITUTE(D1055,"?","Sep") -> Aug | F1055: 6 | G1055: =DATE(C1055,MONTH(E1055&2),F1055) -> 27612 | H1055: 1 | I1055: 8551.35 | J1055: 8551.35 | K1055: tier - 2 | L1055: tier - 2 | M1055: tier - 2 | N1055: tier - 2 | O1055: R1011 | P1055: R1011 | Q1055: =INT((TODAY()-G1055)/365.25) -> 50 | U1055: Sep | V1055: =SUBSTITUTE(U1055,"?","Sep") -> Sep | X1055: =IF(B1044="?",ROUND(AVERAGE($B$2:$B$2355),0),B1044) -> 1992 | AG1055: Id1047 | AH1055: No | AI1055: tier - 2 | AJ1055: tier - 3 | AK1055: tier - 2 | AL1055: tier - 3 | AT1055: R1011 | AU1055: R1011 | BD1055: 1977 | BE1055: =SUBSTITUTE(D1048,"?","Sep") -> Dec | BF1055: 29 | BG1055: =DATE(BD1055,MONTH(5&BE1055),BF1055) -> 28488 | BM1055: 1979 | BN1055: =SUBSTITUTE(E1049,"?","Sep") -> Aug | BO1055: 13 | BP1055: =DATE(BM1055,MONTH(5&BN1055),BO1055) -> 29080 | BQ1055: =INT((TODAY()-BP1055)/365.25) -> 46 | BU1055: 8522 | BV1055: 8522
A1056: Id1055 | B1056: 1975 | C1056: =IF(B1056="?",ROUND(AVERAGE($B$2:$B$2336),0),B1056) -> 1975 | D1056: Aug | E1056: =SUBSTITUTE(D1056,"?","Sep") -> Aug | F1056: 21 | G1056: =DATE(C1056,MONTH(E1056&2),F1056) -> 27627 | H1056: 1 | I1056: 8556.91 | J1056: 8556.91 | K1056: tier - 2 | L1056: tier - 2 | M1056: tier - 1 | N1056: tier - 1 | O1056: R1011 | P1056: R1011 | Q1056: =INT((TODAY()-G1056)/365.25) -> 50 | U1056: Nov | V1056: =SUBSTITUTE(U1056,"?","Sep") -> Nov | X1056: =IF(B1045="?",ROUND(AVERAGE($B$2:$B$2355),0),B1045) -> 1993 | AG1056: Id1048 | AH1056: No | AI1056: tier - 2 | AJ1056: tier - 2 | AK1056: tier - 2 | AL1056: tier - 2 | AT1056: R1011 | AU1056: R1011 | BD1056: 1979 | BE1056: =SUBSTITUTE(D1049,"?","Sep") -> Aug | BF1056: 13 | BG1056: =DATE(BD1056,MONTH(5&BE1056),BF1056) -> 29080 | BM1056: 1977 | BN1056: =SUBSTITUTE(E1050,"?","Sep") -> Jul | BO1056: 26 | BP1056: =DATE(BM1056,MONTH(5&BN1056),BO1056) -> 28332 | BQ1056: =INT((TODAY()-BP1056)/365.25) -> 48 | BU1056: 8527.53 | BV1056: 8527.53
A1057: Id1056 | B1057: 1988 | C1057: =IF(B1057="?",ROUND(AVERAGE($B$2:$B$2336),0),B1057) -> 1988 | D1057: Sep | E1057: =SUBSTITUTE(D1057,"?","Sep") -> Sep | F1057: 21 | G1057: =DATE(C1057,MONTH(E1057&2),F1057) -> 32407 | H1057: 3 | I1057: 8567.25 | J1057: 8567.25 | K1057: tier - 2 | L1057: tier - 2 | M1057: tier - 1 | N1057: tier - 1 | O1057: R1012 | P1057: R1012 | Q1057: =INT((TODAY()-G1057)/365.25) -> 37 | U1057: Dec | V1057: =SUBSTITUTE(U1057,"?","Sep") -> Dec | X1057: =IF(B1046="?",ROUND(AVERAGE($B$2:$B$2355),0),B1046) -> 1977 | AG1057: Id1049 | AH1057: No | AI1057: tier - 2 | AJ1057: tier - 2 | AK1057: tier - 2 | AL1057: tier - 2 | AT1057: R1013 | AU1057: R1013 | BD1057: 1977 | BE1057: =SUBSTITUTE(D1050,"?","Sep") -> Jul | BF1057: 26 | BG1057: =DATE(BD1057,MONTH(5&BE1057),BF1057) -> 28332 | BM1057: ? | BN1057: =SUBSTITUTE(E1051,"?","Sep") -> Jul | BO1057: 24 | BP1057: =DATE(BM1057,MONTH(5&BN1057),BO1057) -> #VALUE! | BQ1057: =INT((TODAY()-BP1057)/365.25) -> #VALUE! | BU1057: 8534.67 | BV1057: 8534.67
A1058: Id1057 | B1058: 1975 | C1058: =IF(B1058="?",ROUND(AVERAGE($B$2:$B$2336),0),B1058) -> 1975 | D1058: Sep | E1058: =SUBSTITUTE(D1058,"?","Sep") -> Sep | F1058: 26 | G1058: =DATE(C1058,MONTH(E1058&2),F1058) -> 27663 | H1058: 1 | I1058: 8569.86 | J1058: 8569.86 | K1058: tier - 2 | L1058: tier - 2 | M1058: tier - 3 | N1058: tier - 3 | O1058: R1013 | P1058: R1013 | Q1058: =INT((TODAY()-G1058)/365.25) -> 50 | U1058: Jun | V1058: =SUBSTITUTE(U1058,"?","Sep") -> Jun | X1058: =IF(B1047="?",ROUND(AVERAGE($B$2:$B$2355),0),B1047) -> 1977 | AG1058: Id1050 | AH1058: No | AI1058: tier - 2 | AJ1058: tier - 3 | AK1058: tier - 2 | AL1058: tier - 3 | AT1058: R1024 | AU1058: R1024 | BD1058: ? | BE1058: =SUBSTITUTE(D1051,"?","Sep") -> Jul | BF1058: 24 | BG1058: =DATE(BD1058,MONTH(5&BE1058),BF1058) -> #VALUE! | BM1058: 1981 | BN1058: =SUBSTITUTE(E1052,"?","Sep") -> Dec | BO1058: 27 | BP1058: =DATE(BM1058,MONTH(5&BN1058),BO1058) -> 29947 | BQ1058: =INT((TODAY()-BP1058)/365.25) -> 43 | BU1058: 8538.29 | BV1058: 8538.29
A1059: Id1058 | B1059: 1982 | C1059: =IF(B1059="?",ROUND(AVERAGE($B$2:$B$2336),0),B1059) -> 1982 | D1059: Dec | E1059: =SUBSTITUTE(D1059,"?","Sep") -> Dec | F1059: 6 | G1059: =DATE(C1059,MONTH(E1059&2),F1059) -> 30291 | H1059: 3 | I1059: 8572.04 | J1059: 8572.04 | K1059: tier - 2 | L1059: tier - 2 | M1059: tier - 2 | N1059: tier - 2 | O1059: R1021 | P1059: R1021 | Q1059: =INT((TODAY()-G1059)/365.25) -> 42 | U1059: Dec | V1059: =SUBSTITUTE(U1059,"?","Sep") -> Dec | X1059: =IF(B1048="?",ROUND(AVERAGE($B$2:$B$2355),0),B1048) -> 1977 | AG1059: Id1051 | AH1059: No | AI1059: tier - 2 | AJ1059: tier - 3 | AK1059: tier - 2 | AL1059: tier - 3 | AT1059: R1024 | AU1059: R1024 | BD1059: 1981 | BE1059: =SUBSTITUTE(D1052,"?","Sep") -> Dec | BF1059: 27 | BG1059: =DATE(BD1059,MONTH(5&BE1059),BF1059) -> 29947 | BM1059: 1975 | BN1059: =SUBSTITUTE(E1053,"?","Sep") -> Nov | BO1059: 6 | BP1059: =DATE(BM1059,MONTH(5&BN1059),BO1059) -> 27704 | BQ1059: =INT((TODAY()-BP1059)/365.25) -> 49 | BU1059: 8539.67 | BV1059: 8539.67
A1060: Id1059 | B1060: 1987 | C1060: =IF(B1060="?",ROUND(AVERAGE($B$2:$B$2336),0),B1060) -> 1987 | D1060: Nov | E1060: =SUBSTITUTE(D1060,"?","Sep") -> Nov | F1060: 11 | G1060: =DATE(C1060,MONTH(E1060&2),F1060) -> 32092 | H1060: 3 | I1060: 8573.3 | J1060: 8573.3 | K1060: tier - 2 | L1060: tier - 2 | M1060: tier - 2 | N1060: tier - 2 | O1060: R1021 | P1060: R1021 | Q1060: =INT((TODAY()-G1060)/365.25) -> 37 | U1060: Aug | V1060: =SUBSTITUTE(U1060,"?","Sep") -> Aug | X1060: =IF(B1049="?",ROUND(AVERAGE($B$2:$B$2355),0),B1049) -> 1979 | AG1060: Id1052 | AH1060: No | AI1060: tier - 2 | AJ1060: tier - 3 | AK1060: tier - 2 | AL1060: tier - 3 | AT1060: R1011 | AU1060: R1011 | BD1060: 1975 | BE1060: =SUBSTITUTE(D1053,"?","Sep") -> Nov | BF1060: 6 | BG1060: =DATE(BD1060,MONTH(5&BE1060),BF1060) -> 27704 | BM1060: ? | BN1060: =SUBSTITUTE(E1054,"?","Sep") -> Dec | BO1060: 12 | BP1060: =DATE(BM1060,MONTH(5&BN1060),BO1060) -> #VALUE! | BQ1060: =INT((TODAY()-BP1060)/365.25) -> #VALUE! | BU1060: 8547.69 | BV1060: 8547.69
A1061: Id1060 | B1061: 1983 | C1061: =IF(B1061="?",ROUND(AVERAGE($B$2:$B$2336),0),B1061) -> 1983 | D1061: Dec | E1061: =SUBSTITUTE(D1061,"?","Sep") -> Dec | F1061: 30 | G1061: =DATE(C1061,MONTH(E1061&2),F1061) -> 30680 | H1061: 5 | I1061: 8582.3 | J1061: 8582.3 | K1061: tier - 2 | L1061: tier - 2 | M1061: tier - 1 | N1061: tier - 1 | O1061: R1013 | P1061: R1013 | Q1061: =INT((TODAY()-G1061)/365.25) -> 41 | U1061: Jul | V1061: =SUBSTITUTE(U1061,"?","Sep") -> Jul | X1061: =IF(B1050="?",ROUND(AVERAGE($B$2:$B$2355),0),B1050) -> 1977 | AG1061: Id1053 | AH1061: No | AI1061: tier - 2 | AJ1061: tier - 1 | AK1061: tier - 2 | AL1061: tier - 1 | AT1061: R1013 | AU1061: R1013 | BD1061: ? | BE1061: =SUBSTITUTE(D1054,"?","Sep") -> Dec | BF1061: 12 | BG1061: =DATE(BD1061,MONTH(5&BE1061),BF1061) -> #VALUE! | BM1061: 1975 | BN1061: =SUBSTITUTE(E1055,"?","Sep") -> Aug | BO1061: 6 | BP1061: =DATE(BM1061,MONTH(5&BN1061),BO1061) -> 27612 | BQ1061: =INT((TODAY()-BP1061)/365.25) -> 50 | BU1061: 8551.35 | BV1061: 8551.35
A1062: Id1061 | B1062: 1983 | C1062: =IF(B1062="?",ROUND(AVERAGE($B$2:$B$2336),0),B1062) -> 1983 | D1062: Jul | E1062: =SUBSTITUTE(D1062,"?","Sep") -> Jul | F1062: 25 | G1062: =DATE(C1062,MONTH(E1062&2),F1062) -> 30522 | H1062: 5 | I1062: 8596.83 | J1062: 8596.83 | K1062: tier - 2 | L1062: tier - 2 | M1062: tier - 3 | N1062: tier - 3 | O1062: R1013 | P1062: R1013 | Q1062: =INT((TODAY()-G1062)/365.25) -> 42 | U1062: Jul | V1062: =SUBSTITUTE(U1062,"?","Sep") -> Jul | X1062: =IF(B1051="?",ROUND(AVERAGE($B$2:$B$2355),0),B1051) -> 1983 | AG1062: Id1054 | AH1062: No | AI1062: tier - 2 | AJ1062: tier - 2 | AK1062: tier - 2 | AL1062: tier - 2 | AT1062: R1011 | AU1062: R1011 | BD1062: 1975 | BE1062: =SUBSTITUTE(D1055,"?","Sep") -> Aug | BF1062: 6 | BG1062: =DATE(BD1062,MONTH(5&BE1062),BF1062) -> 27612 | BM1062: 1975 | BN1062: =SUBSTITUTE(E1056,"?","Sep") -> Aug | BO1062: 21 | BP1062: =DATE(BM1062,MONTH(5&BN1062),BO1062) -> 27627 | BQ1062: =INT((TODAY()-BP1062)/365.25) -> 50 | BU1062: 8556.91 | BV1062: 8556.91
A1063: Id1062 | B1063: 1973 | C1063: =IF(B1063="?",ROUND(AVERAGE($B$2:$B$2336),0),B1063) -> 1973 | D1063: Jul | E1063: =SUBSTITUTE(D1063,"?","Sep") -> Jul | F1063: 11 | G1063: =DATE(C1063,MONTH(E1063&2),F1063) -> 26856 | H1063: 0 | I1063: 8601.33 | J1063: 8601.33 | K1063: tier - 2 | L1063: tier - 2 | M1063: tier - 1 | N1063: tier - 1 | O1063: R1013 | P1063: R1013 | Q1063: =INT((TODAY()-G1063)/365.25) -> 52 | U1063: Dec | V1063: =SUBSTITUTE(U1063,"?","Sep") -> Dec | X1063: =IF(B1052="?",ROUND(AVERAGE($B$2:$B$2355),0),B1052) -> 1981 | AG1063: Id1055 | AH1063: No | AI1063: tier - 2 | AJ1063: tier - 1 | AK1063: tier - 2 | AL1063: tier - 1 | AT1063: R1011 | AU1063: R1011 | BD1063: 1975 | BE1063: =SUBSTITUTE(D1056,"?","Sep") -> Aug | BF1063: 21 | BG1063: =DATE(BD1063,MONTH(5&BE1063),BF1063) -> 27627 | BM1063: 1988 | BN1063: =SUBSTITUTE(E1057,"?","Sep") -> Sep | BO1063: 21 | BP1063: =DATE(BM1063,MONTH(5&BN1063),BO1063) -> 32407 | BQ1063: =INT((TODAY()-BP1063)/365.25) -> 37 | BU1063: 8567.25 | BV1063: 8567.25
A1064: Id1063 | B1064: 1977 | C1064: =IF(B1064="?",ROUND(AVERAGE($B$2:$B$2336),0),B1064) -> 1977 | D1064: Sep | E1064: =SUBSTITUTE(D1064,"?","Sep") -> Sep | F1064: 24 | G1064: =DATE(C1064,MONTH(E1064&2),F1064) -> 28392 | H1064: 2 | I1064: 8603.82 | J1064: 8603.82 | K1064: tier - 2 | L1064: tier - 2 | M1064: tier - 1 | N1064: tier - 1 | O1064: R1019 | P1064: R1019 | Q1064: =INT((TODAY()-G1064)/365.25) -> 48 | U1064: Nov | V1064: =SUBSTITUTE(U1064,"?","Sep") -> Nov | X1064: =IF(B1053="?",ROUND(AVERAGE($B$2:$B$2355),0),B1053) -> 1975 | AG1064: Id1056 | AH1064: No | AI1064: tier - 2 | AJ1064: tier - 1 | AK1064: tier - 2 | AL1064: tier - 1 | AT1064: R1012 | AU1064: R1012 | BD1064: 1988 | BE1064: =SUBSTITUTE(D1057,"?","Sep") -> Sep | BF1064: 21 | BG1064: =DATE(BD1064,MONTH(5&BE1064),BF1064) -> 32407 | BM1064: 1975 | BN1064: =SUBSTITUTE(E1058,"?","Sep") -> Sep | BO1064: 26 | BP1064: =DATE(BM1064,MONTH(5&BN1064),BO1064) -> 27663 | BQ1064: =INT((TODAY()-BP1064)/365.25) -> 50 | BU1064: 8569.86 | BV1064: 8569.86
A1065: Id1064 | B1065: 1977 | C1065: =IF(B1065="?",ROUND(AVERAGE($B$2:$B$2336),0),B1065) -> 1977 | D1065: Nov | E1065: =SUBSTITUTE(D1065,"?","Sep") -> Nov | F1065: 12 | G1065: =DATE(C1065,MONTH(E1065&2),F1065) -> 28441 | H1065: 2 | I1065: 8604.48 | J1065: 8604.48 | K1065: tier - 3 | L1065: tier - 3 | M1065: tier - 2 | N1065: tier - 2 | O1065: R1016 | P1065: R1016 | Q1065: =INT((TODAY()-G1065)/365.25) -> 47 | U1065: Dec | V1065: =SUBSTITUTE(U1065,"?","Sep") -> Dec | X1065: =IF(B1054="?",ROUND(AVERAGE($B$2:$B$2355),0),B1054) -> 1983 | AG1065: Id1057 | AH1065: No | AI1065: tier - 2 | AJ1065: tier - 3 | AK1065: tier - 2 | AL1065: tier - 3 | AT1065: R1013 | AU1065: R1013 | BD1065: 1975 | BE1065: =SUBSTITUTE(D1058,"?","Sep") -> Sep | BF1065: 26 | BG1065: =DATE(BD1065,MONTH(5&BE1065),BF1065) -> 27663 | BM1065: 1982 | BN1065: =SUBSTITUTE(E1059,"?","Sep") -> Dec | BO1065: 6 | BP1065: =DATE(BM1065,MONTH(5&BN1065),BO1065) -> 30291 | BQ1065: =INT((TODAY()-BP1065)/365.25) -> 42 | BU1065: 8572.04 | BV1065: 8572.04
A1066: Id1065 | B1066: 1977 | C1066: =IF(B1066="?",ROUND(AVERAGE($B$2:$B$2336),0),B1066) -> 1977 | D1066: Oct | E1066: =SUBSTITUTE(D1066,"?","Sep") -> Oct | F1066: 15 | G1066: =DATE(C1066,MONTH(E1066&2),F1066) -> 28413 | H1066: 3 | I1066: 8605.36 | J1066: 8605.36 | K1066: tier - 2 | L1066: tier - 2 | M1066: tier - 2 | N1066: tier - 2 | O1066: R1013 | P1066: R1013 | Q1066: =INT((TODAY()-G1066)/365.25) -> 48 | U1066: Aug | V1066: =SUBSTITUTE(U1066,"?","Sep") -> Aug | X1066: =IF(B1055="?",ROUND(AVERAGE($B$2:$B$2355),0),B1055) -> 1975 | AG1066: Id1058 | AH1066: No | AI1066: tier - 2 | AJ1066: tier - 2 | AK1066: tier - 2 | AL1066: tier - 2 | AT1066: R1021 | AU1066: R1021 | BD1066: 1982 | BE1066: =SUBSTITUTE(D1059,"?","Sep") -> Dec | BF1066: 6 | BG1066: =DATE(BD1066,MONTH(5&BE1066),BF1066) -> 30291 | BM1066: 1987 | BN1066: =SUBSTITUTE(E1060,"?","Sep") -> Nov | BO1066: 11 | BP1066: =DATE(BM1066,MONTH(5&BN1066),BO1066) -> 32092 | BQ1066: =INT((TODAY()-BP1066)/365.25) -> 37 | BU1066: 8573.3 | BV1066: 8573.3
A1067: Id1066 | B1067: 1979 | C1067: =IF(B1067="?",ROUND(AVERAGE($B$2:$B$2336),0),B1067) -> 1979 | D1067: Jul | E1067: =SUBSTITUTE(D1067,"?","Sep") -> Jul | F1067: 17 | G1067: =DATE(C1067,MONTH(E1067&2),F1067) -> 29053 | H1067: 3 | I1067: 8606.22 | J1067: 8606.22 | K1067: tier - 1 | L1067: tier - 1 | M1067: tier - 2 | N1067: tier - 2 | O1067: R1014 | P1067: R1014 | Q1067: =INT((TODAY()-G1067)/365.25) -> 46 | U1067: Aug | V1067: =SUBSTITUTE(U1067,"?","Sep") -> Aug | X1067: =IF(B1056="?",ROUND(AVERAGE($B$2:$B$2355),0),B1056) -> 1975 | AG1067: Id1059 | AH1067: No | AI1067: tier - 2 | AJ1067: tier - 2 | AK1067: tier - 2 | AL1067: tier - 2 | AT1067: R1021 | AU1067: R1021 | BD1067: 1987 | BE1067: =SUBSTITUTE(D1060,"?","Sep") -> Nov | BF1067: 11 | BG1067: =DATE(BD1067,MONTH(5&BE1067),BF1067) -> 32092 | BM1067: 1983 | BN1067: =SUBSTITUTE(E1061,"?","Sep") -> Dec | BO1067: 30 | BP1067: =DATE(BM1067,MONTH(5&BN1067),BO1067) -> 30680 | BQ1067: =INT((TODAY()-BP1067)/365.25) -> 41 | BU1067: 8582.3 | BV1067: 8582.3
A1068: Id1067 | B1068: 1977 | C1068: =IF(B1068="?",ROUND(AVERAGE($B$2:$B$2336),0),B1068) -> 1977 | D1068: Sep | E1068: =SUBSTITUTE(D1068,"?","Sep") -> Sep | F1068: 2 | G1068: =DATE(C1068,MONTH(E1068&2),F1068) -> 28370 | H1068: 3 | I1068: 8615.3 | J1068: 8615.3 | K1068: tier - 2 | L1068: tier - 2 | M1068: tier - 3 | N1068: tier - 3 | O1068: R1011 | P1068: R1011 | Q1068: =INT((TODAY()-G1068)/365.25) -> 48 | U1068: Sep | V1068: =SUBSTITUTE(U1068,"?","Sep") -> Sep | X1068: =IF(B1057="?",ROUND(AVERAGE($B$2:$B$2355),0),B1057) -> 1988 | AG1068: Id1060 | AH1068: No | AI1068: tier - 2 | AJ1068: tier - 1 | AK1068: tier - 2 | AL1068: tier - 1 | AT1068: R1013 | AU1068: R1013 | BD1068: 1983 | BE1068: =SUBSTITUTE(D1061,"?","Sep") -> Dec | BF1068: 30 | BG1068: =DATE(BD1068,MONTH(5&BE1068),BF1068) -> 30680 | BM1068: 1983 | BN1068: =SUBSTITUTE(E1062,"?","Sep") -> Jul | BO1068: 25 | BP1068: =DATE(BM1068,MONTH(5&BN1068),BO1068) -> 30522 | BQ1068: =INT((TODAY()-BP1068)/365.25) -> 42 | BU1068: 8596.83 | BV1068: 8596.83
A1069: Id1068 | B1069: 1975 | C1069: =IF(B1069="?",ROUND(AVERAGE($B$2:$B$2336),0),B1069) -> 1975 | D1069: Aug | E1069: =SUBSTITUTE(D1069,"?","Sep") -> Aug | F1069: 3 | G1069: =DATE(C1069,MONTH(E1069&2),F1069) -> 27609 | H1069: 1 | I1069: 8627.54 | J1069: 8627.54 | K1069: tier - 2 | L1069: tier - 2 | M1069: tier - 2 | N1069: tier - 2 | O1069: R1017 | P1069: R1017 | Q1069: =INT((TODAY()-G1069)/365.25) -> 50 | U1069: Sep | V1069: =SUBSTITUTE(U1069,"?","Sep") -> Sep | X1069: =IF(B1058="?",ROUND(AVERAGE($B$2:$B$2355),0),B1058) -> 1975 | AG1069: Id1061 | AH1069: No | AI1069: tier - 2 | AJ1069: tier - 3 | AK1069: tier - 2 | AL1069: tier - 3 | AT1069: R1013 | AU1069: R1013 | BD1069: 1983 | BE1069: =SUBSTITUTE(D1062,"?","Sep") -> Jul | BF1069: 25 | BG1069: =DATE(BD1069,MONTH(5&BE1069),BF1069) -> 30522 | BM1069: 1973 | BN1069: =SUBSTITUTE(E1063,"?","Sep") -> Jul | BO1069: 11 | BP1069: =DATE(BM1069,MONTH(5&BN1069),BO1069) -> 26856 | BQ1069: =INT((TODAY()-BP1069)/365.25) -> 52 | BU1069: 8601.33 | BV1069: 8601.33
A1070: Id1069 | B1070: 1965 | C1070: =IF(B1070="?",ROUND(AVERAGE($B$2:$B$2336),0),B1070) -> 1965 | D1070: Oct | E1070: =SUBSTITUTE(D1070,"?","Sep") -> Oct | F1070: 21 | G1070: =DATE(C1070,MONTH(E1070&2),F1070) -> 24036 | H1070: 0 | I1070: 8665.09 | J1070: 8665.09 | K1070: tier - 3 | L1070: tier - 3 | M1070: tier - 2 | N1070: tier - 2 | O1070: R1012 | P1070: R1012 | Q1070: =INT((TODAY()-G1070)/365.25) -> 60 | U1070: Dec | V1070: =SUBSTITUTE(U1070,"?","Sep") -> Dec | X1070: =IF(B1059="?",ROUND(AVERAGE($B$2:$B$2355),0),B1059) -> 1982 | AG1070: Id1062 | AH1070: No | AI1070: tier - 2 | AJ1070: tier - 1 | AK1070: tier - 2 | AL1070: tier - 1 | AT1070: R1013 | AU1070: R1013 | BD1070: 1973 | BE1070: =SUBSTITUTE(D1063,"?","Sep") -> Jul | BF1070: 11 | BG1070: =DATE(BD1070,MONTH(5&BE1070),BF1070) -> 26856 | BM1070: 1977 | BN1070: =SUBSTITUTE(E1064,"?","Sep") -> Sep | BO1070: 24 | BP1070: =DATE(BM1070,MONTH(5&BN1070),BO1070) -> 28392 | BQ1070: =INT((TODAY()-BP1070)/365.25) -> 48 | BU1070: 8603.82 | BV1070: 8603.82
A1071: Id1070 | B1071: 1969 | C1071: =IF(B1071="?",ROUND(AVERAGE($B$2:$B$2336),0),B1071) -> 1969 | D1071: Aug | E1071: =SUBSTITUTE(D1071,"?","Sep") -> Aug | F1071: 10 | G1071: =DATE(C1071,MONTH(E1071&2),F1071) -> 25425 | H1071: 0 | I1071: 8665.14 | J1071: 8665.14 | K1071: tier - 2 | L1071: tier - 2 | M1071: tier - 3 | N1071: tier - 3 | O1071: R1013 | P1071: R1013 | Q1071: =INT((TODAY()-G1071)/365.25) -> 56 | U1071: Nov | V1071: =SUBSTITUTE(U1071,"?","Sep") -> Nov | X1071: =IF(B1060="?",ROUND(AVERAGE($B$2:$B$2355),0),B1060) -> 1987 | AG1071: Id1063 | AH1071: No | AI1071: tier - 2 | AJ1071: tier - 1 | AK1071: tier - 2 | AL1071: tier - 1 | AT1071: R1019 | AU1071: R1019 | BD1071: 1977 | BE1071: =SUBSTITUTE(D1064,"?","Sep") -> Sep | BF1071: 24 | BG1071: =DATE(BD1071,MONTH(5&BE1071),BF1071) -> 28392 | BM1071: 1977 | BN1071: =SUBSTITUTE(E1065,"?","Sep") -> Nov | BO1071: 12 | BP1071: =DATE(BM1071,MONTH(5&BN1071),BO1071) -> 28441 | BQ1071: =INT((TODAY()-BP1071)/365.25) -> 47 | BU1071: 8604.48 | BV1071: 8604.48
A1072: Id1071 | B1072: 1974 | C1072: =IF(B1072="?",ROUND(AVERAGE($B$2:$B$2336),0),B1072) -> 1974 | D1072: Aug | E1072: =SUBSTITUTE(D1072,"?","Sep") -> Aug | F1072: 16 | G1072: =DATE(C1072,MONTH(E1072&2),F1072) -> 27257 | H1072: 0 | I1072: 8671.19 | J1072: 8671.19 | K1072: tier - 2 | L1072: tier - 2 | M1072: tier - 1 | N1072: tier - 1 | O1072: R1012 | P1072: R1012 | Q1072: =INT((TODAY()-G1072)/365.25) -> 51 | U1072: Dec | V1072: =SUBSTITUTE(U1072,"?","Sep") -> Dec | X1072: =IF(B1061="?",ROUND(AVERAGE($B$2:$B$2355),0),B1061) -> 1983 | AG1072: Id1064 | AH1072: No | AI1072: tier - 3 | AJ1072: tier - 2 | AK1072: tier - 3 | AL1072: tier - 2 | AT1072: R1016 | AU1072: R1016 | BD1072: 1977 | BE1072: =SUBSTITUTE(D1065,"?","Sep") -> Nov | BF1072: 12 | BG1072: =DATE(BD1072,MONTH(5&BE1072),BF1072) -> 28441 | BM1072: 1977 | BN1072: =SUBSTITUTE(E1066,"?","Sep") -> Oct | BO1072: 15 | BP1072: =DATE(BM1072,MONTH(5&BN1072),BO1072) -> 28413 | BQ1072: =INT((TODAY()-BP1072)/365.25) -> 48 | BU1072: 8605.36 | BV1072: 8605.36
A1073: Id1072 | B1073: 1973 | C1073: =IF(B1073="?",ROUND(AVERAGE($B$2:$B$2336),0),B1073) -> 1973 | D1073: Oct | E1073: =SUBSTITUTE(D1073,"?","Sep") -> Oct | F1073: 11 | G1073: =DATE(C1073,MONTH(E1073&2),F1073) -> 26948 | H1073: 0 | I1073: 8688.86 | J1073: 8688.86 | K1073: tier - 2 | L1073: tier - 2 | M1073: tier - 1 | N1073: tier - 1 | O1073: R1017 | P1073: R1017 | Q1073: =INT((TODAY()-G1073)/365.25) -> 52 | U1073: Jul | V1073: =SUBSTITUTE(U1073,"?","Sep") -> Jul | X1073: =IF(B1062="?",ROUND(AVERAGE($B$2:$B$2355),0),B1062) -> 1983 | AG1073: Id1065 | AH1073: No | AI1073: tier - 2 | AJ1073: tier - 2 | AK1073: tier - 2 | AL1073: tier - 2 | AT1073: R1013 | AU1073: R1013 | BD1073: 1977 | BE1073: =SUBSTITUTE(D1066,"?","Sep") -> Oct | BF1073: 15 | BG1073: =DATE(BD1073,MONTH(5&BE1073),BF1073) -> 28413 | BM1073: 1979 | BN1073: =SUBSTITUTE(E1067,"?","Sep") -> Jul | BO1073: 17 | BP1073: =DATE(BM1073,MONTH(5&BN1073),BO1073) -> 29053 | BQ1073: =INT((TODAY()-BP1073)/365.25) -> 46 | BU1073: 8606.22 | BV1073: 8606.22
... A2336: Id2335 | B2336: 1963 | C2336: =IF(B2336="?",ROUND(AVERAGE($B$2:$B$2336),0),B2336) -> 1963 | D2336: Sep | E2336: =SUBSTITUTE(D2336,"?","Sep") -> Sep | F2336: 4 | G2336: =DATE(C2336,MONTH(E2336&2),F2336) -> 23258 | H2336: 1 | I2336: 48970.25 | J2336: 48970.25 | K2336: tier - 1 | L2336: tier - 1 | M2336: tier - 2 | N2336: tier - 2 | O2336: R1013 | P2336: R1013 | Q2336: =INT((TODAY()-G2336)/365.25) -> 62 | U2336: Sep | V2336: =SUBSTITUTE(U2336,"?","Sep") -> Sep | X2336: =IF(B2325="?",ROUND(AVERAGE($B$2:$B$2355),0),B2325) -> 1971 | AG2336: Id2328 | AH2336: No | AI2336: tier - 1 | AJ2336: tier - 3 | AK2336: tier - 1 | AL2336: tier - 3 | AT2336: R1011 | AU2336: R1011 | BD2336: 1962 | BE2336: =SUBSTITUTE(D2329,"?","Sep") -> Aug | BF2336: 27 | BG2336: =DATE(BD2336,MONTH(5&BE2336),BF2336) -> 22885 | BM2336: 1961 | BN2336: =SUBSTITUTE(E2330,"?","Sep") -> Dec | BO2336: 21 | BP2336: =DATE(BM2336,MONTH(5&BN2336),BO2336) -> 22636 | BQ2336: =INT((TODAY()-BP2336)/365.25) -> 63 | BU2336: 48517.56 | BV2336: 48517.56
B2337: 1958 | C2337: =IF(B2337="?",ROUND(AVERAGE($B$2:$B$2336),0),B2337) -> 1958 | D2337: Jun | E2337: =SUBSTITUTE(D2337,"?","Sep") -> Jun | F2337: 27 | G2337: =DATE(C2337,MONTH(E2337&2),F2337) -> 21363 | H2337: 2 | I2337: 49577.66 | J2337: 49577.66 | K2337: tier - 2 | L2337: tier - 2 | M2337: tier - 2 | N2337: tier - 2 | O2337: R1013 | P2337: R1013 | Q2337: =INT((TODAY()-G2337)/365.25) -> 67 | U2337: Nov | V2337: =SUBSTITUTE(U2337,"?","Sep") -> Nov | X2337: =IF(B2326="?",ROUND(AVERAGE($B$2:$B$2355),0),B2326) -> 1964 | AG2337: Id2329 | AH2337: No | AI2337: tier - 1 | AJ2337: tier - 3 | AK2337: tier - 1 | AL2337: tier - 3 | AT2337: R1024 | AU2337: R1024 | BD2337: 1961 | BE2337: =SUBSTITUTE(D2330,"?","Sep") -> Dec | BF2337: 21 | BG2337: =DATE(BD2337,MONTH(5&BE2337),BF2337) -> 22636 | BM2337: 1968 | BN2337: =SUBSTITUTE(E2331,"?","Sep") -> Dec | BO2337: 1 | BP2337: =DATE(BM2337,MONTH(5&BN2337),BO2337) -> 25173 | BQ2337: =INT((TODAY()-BP2337)/365.25) -> 56 | BU2337: 48549.18 | BV2337: 48549.18
B2338: 1994 | C2338: =IF(B2338="?",ROUND(AVERAGE($B$2:$B$2336),0),B2338) -> 1994 | D2338: Oct | E2338: =SUBSTITUTE(D2338,"?","Sep") -> Oct | F2338: 27 | G2338: =DATE(C2338,MONTH(E2338&2),F2338) -> 34634 | H2338: 1 | I2338: 51194.56 | J2338: 51194.56 | K2338: tier - 1 | L2338: tier - 1 | M2338: tier - 3 | N2338: tier - 3 | O2338: R1011 | P2338: R1011 | Q2338: =INT((TODAY()-G2338)/365.25) -> 31 | U2338: Aug | V2338: =SUBSTITUTE(U2338,"?","Sep") -> Aug | X2338: =IF(B2327="?",ROUND(AVERAGE($B$2:$B$2355),0),B2327) -> 1963 | AG2338: Id2330 | AH2338: No | AI2338: tier - 1 | AJ2338: tier - 3 | AK2338: tier - 1 | AL2338: tier - 3 | AT2338: R1016 | AU2338: R1016 | BD2338: 1968 | BE2338: =SUBSTITUTE(D2331,"?","Sep") -> Dec | BF2338: 1 | BG2338: =DATE(BD2338,MONTH(5&BE2338),BF2338) -> 25173 | BM2338: 1962 | BN2338: =SUBSTITUTE(E2332,"?","Sep") -> Oct | BO2338: 11 | BP2338: =DATE(BM2338,MONTH(5&BN2338),BO2338) -> 22930 | BQ2338: =INT((TODAY()-BP2338)/365.25) -> 63 | BU2338: 48673.56 | BV2338: 48673.56
B2339: 1962 | C2339: =IF(B2339="?",ROUND(AVERAGE($B$2:$B$2336),0),B2339) -> 1962 | D2339: Aug | E2339: =SUBSTITUTE(D2339,"?","Sep") -> Aug | F2339: 4 | G2339: =DATE(C2339,MONTH(E2339&2),F2339) -> 22862 | H2339: 0 | I2339: 52590.83 | J2339: 52590.83 | K2339: tier - 1 | L2339: tier - 1 | M2339: tier - 3 | N2339: tier - 3 | O2339: R1011 | P2339: R1011 | Q2339: =INT((TODAY()-G2339)/365.25) -> 63 | U2339: Nov | V2339: =SUBSTITUTE(U2339,"?","Sep") -> Nov | X2339: =IF(B2328="?",ROUND(AVERAGE($B$2:$B$2355),0),B2328) -> 1958 | AG2339: Id2331 | AH2339: No | AI2339: tier - 1 | AJ2339: tier - 2 | AK2339: tier - 1 | AL2339: tier - 2 | AT2339: R1013 | AU2339: R1013 | BD2339: 1962 | BE2339: =SUBSTITUTE(D2332,"?","Sep") -> Oct | BF2339: 11 | BG2339: =DATE(BD2339,MONTH(5&BE2339),BF2339) -> 22930 | BM2339: 1965 | BN2339: =SUBSTITUTE(E2333,"?","Sep") -> Oct | BO2339: 27 | BP2339: =DATE(BM2339,MONTH(5&BN2339),BO2339) -> 24042 | BQ2339: =INT((TODAY()-BP2339)/365.25) -> 60 | BU2339: 48675.52 | BV2339: 48675.52
B2340: 1989 | C2340: =IF(B2340="?",ROUND(AVERAGE($B$2:$B$2336),0),B2340) -> 1989 | D2340: Jun | E2340: =SUBSTITUTE(D2340,"?","Sep") -> Jun | F2340: 19 | G2340: =DATE(C2340,MONTH(E2340&2),F2340) -> 32678 | H2340: 0 | I2340: 55135.4 | J2340: 55135.4 | K2340: tier - 1 | L2340: tier - 1 | M2340: tier - 2 | N2340: tier - 2 | O2340: R1012 | P2340: R1012 | Q2340: =INT((TODAY()-G2340)/365.25) -> 36 | U2340: Aug | V2340: =SUBSTITUTE(U2340,"?","Sep") -> Aug | X2340: =IF(B2329="?",ROUND(AVERAGE($B$2:$B$2355),0),B2329) -> 1962 | AG2340: Id2332 | AH2340: No | AI2340: tier - 1 | AJ2340: tier - 2 | AK2340: tier - 1 | AL2340: tier - 2 | AT2340: R1013 | AU2340: R1013 | BD2340: 1965 | BE2340: =SUBSTITUTE(D2333,"?","Sep") -> Oct | BF2340: 27 | BG2340: =DATE(BD2340,MONTH(5&BE2340),BF2340) -> 24042 | BM2340: 1959 | BN2340: =SUBSTITUTE(E2334,"?","Sep") -> Jul | BO2340: 22 | BP2340: =DATE(BM2340,MONTH(5&BN2340),BO2340) -> 21753 | BQ2340: =INT((TODAY()-BP2340)/365.25) -> 66 | BU2340: 48824.45 | BV2340: 48824.45
B2341: 1991 | C2341: =IF(B2341="?",ROUND(AVERAGE($B$2:$B$2336),0),B2341) -> 1991 | D2341: Jun | E2341: =SUBSTITUTE(D2341,"?","Sep") -> Jun | F2341: 6 | G2341: =DATE(C2341,MONTH(E2341&2),F2341) -> 33395 | H2341: 1 | I2341: 58571.07 | J2341: 58571.07 | K2341: tier - 1 | L2341: tier - 1 | M2341: tier - 3 | N2341: tier - 3 | O2341: R1024 | P2341: R1024 | Q2341: =INT((TODAY()-G2341)/365.25) -> 34 | U2341: Dec | V2341: =SUBSTITUTE(U2341,"?","Sep") -> Dec | X2341: =IF(B2330="?",ROUND(AVERAGE($B$2:$B$2355),0),B2330) -> 1961 | AG2341: Id2333 | AH2341: No | AI2341: tier - 2 | AJ2341: tier - 1 | AK2341: tier - 2 | AL2341: tier - 1 | AT2341: R1011 | AU2341: R1011 | BD2341: 1959 | BE2341: =SUBSTITUTE(D2334,"?","Sep") -> Jul | BF2341: 22 | BG2341: =DATE(BD2341,MONTH(5&BE2341),BF2341) -> 21753 | BM2341: 1978 | BN2341: =SUBSTITUTE(E2335,"?","Sep") -> Dec | BO2341: 29 | BP2341: =DATE(BM2341,MONTH(5&BN2341),BO2341) -> 28853 | BQ2341: =INT((TODAY()-BP2341)/365.25) -> 46 | BU2341: 48885.14 | BV2341: 48885.14
B2342: 1970 | C2342: =IF(B2342="?",ROUND(AVERAGE($B$2:$B$2336),0),B2342) -> 1970 | D2342: ? | E2342: =SUBSTITUTE(D2342,"?","Sep") -> Sep | F2342: 11 | G2342: =DATE(C2342,MONTH(E2342&2),F2342) -> 25822 | H2342: 3 | I2342: 60021.4 | J2342: 60021.4 | K2342: tier - 1 | L2342: tier - 1 | M2342: tier - 1 | N2342: tier - 1 | O2342: R1012 | P2342: R1012 | Q2342: =INT((TODAY()-G2342)/365.25) -> 55 | U2342: Dec | V2342: =SUBSTITUTE(U2342,"?","Sep") -> Dec | X2342: =IF(B2331="?",ROUND(AVERAGE($B$2:$B$2355),0),B2331) -> 1968 | AG2342: Id2334 | AH2342: No | AI2342: tier - 1 | AJ2342: tier - 2 | AK2342: tier - 1 | AL2342: tier - 2 | AT2342: R1013 | AU2342: R1013 | BD2342: 1978 | BE2342: =SUBSTITUTE(D2335,"?","Sep") -> Dec | BF2342: 29 | BG2342: =DATE(BD2342,MONTH(5&BE2342),BF2342) -> 28853 | BM2342: 1963 | BN2342: =SUBSTITUTE(E2336,"?","Sep") -> Sep | BO2342: 4 | BP2342: =DATE(BM2342,MONTH(5&BN2342),BO2342) -> 23258 | BQ2342: =INT((TODAY()-BP2342)/365.25) -> 62 | BU2342: 48970.25 | BV2342: 48970.25
B2343: 1977 | C2343: =IF(B2343="?",ROUND(AVERAGE($B$2:$B$2336),0),B2343) -> 1977 | D2343: Jun | E2343: =SUBSTITUTE(D2343,"?","Sep") -> Jun | F2343: 8 | G2343: =DATE(C2343,MONTH(E2343&2),F2343) -> 28284 | H2343: 0 | I2343: 62592.87 | J2343: 62592.87 | K2343: tier - 2 | L2343: tier - 2 | M2343: tier - 3 | N2343: tier - 3 | O2343: R1013 | P2343: R1013 | Q2343: =INT((TODAY()-G2343)/365.25) -> 48 | U2343: Oct | V2343: =SUBSTITUTE(U2343,"?","Sep") -> Oct | X2343: =IF(B2332="?",ROUND(AVERAGE($B$2:$B$2355),0),B2332) -> 1962 | AG2343: Id2335 | AH2343: No | AI2343: tier - 1 | AJ2343: tier - 2 | AK2343: tier - 1 | AL2343: tier - 2 | AT2343: R1013 | AU2343: R1013 | BD2343: 1963 | BE2343: =SUBSTITUTE(D2336,"?","Sep") -> Sep | BF2343: 4 | BG2343: =DATE(BD2343,MONTH(5&BE2343),BF2343) -> 23258 | BM2343: 1958 | BN2343: Jun | BO2343: 27 | BP2343: =DATE(BM2343,MONTH(5&BN2343),BO2343) -> 21363 | BQ2343: =INT((TODAY()-BP2343)/365.25) -> 67 | BU2343: 49577.66 | BV2343: 49577.66
B2344: 1968 | C2344: =IF(B2344="?",ROUND(AVERAGE($B$2:$B$2336),0),B2344) -> 1968 | D2344: Oct | E2344: =SUBSTITUTE(D2344,"?","Sep") -> Oct | F2344: 12 | G2344: =DATE(C2344,MONTH(E2344&2),F2344) -> 25123 | H2344: 0 | I2344: 63770.43 | J2344: 63770.43 | K2344: tier - 1 | L2344: tier - 1 | M2344: tier - 3 | N2344: tier - 3 | O2344: R1013 | P2344: R1013 | Q2344: =INT((TODAY()-G2344)/365.25) -> 57 | U2344: Oct | V2344: =SUBSTITUTE(U2344,"?","Sep") -> Oct | X2344: =IF(B2333="?",ROUND(AVERAGE($B$2:$B$2355),0),B2333) -> 1965 | AT2344: R1014 | AU2344: R1014 | BD2344: 1958 | BE2344: Jun | BF2344: 27 | BG2344: =DATE(BD2344,MONTH(5&BE2344),BF2344) -> 21363 | BM2344: 1994 | BN2344: Oct | BO2344: 27 | BP2344: =DATE(BM2344,MONTH(5&BN2344),BO2344) -> 34634 | BQ2344: =INT((TODAY()-BP2344)/365.25) -> 31 | BU2344: 51194.56 | BV2344: 51194.56
U2345: Jul | V2345: =SUBSTITUTE(U2345,"?","Sep") -> Jul | X2345: =IF(B2334="?",ROUND(AVERAGE($B$2:$B$2355),0),B2334) -> 1959 | AT2345: R1015 | AU2345: R1015 | BD2345: 1994 | BE2345: Oct | BF2345: 27 | BG2345: =DATE(BD2345,MONTH(5&BE2345),BF2345) -> 34634 | BM2345: 1962 | BN2345: Aug | BO2345: 4 | BP2345: =DATE(BM2345,MONTH(5&BN2345),BO2345) -> 22862 | BQ2345: =INT((TODAY()-BP2345)/365.25) -> 63 | BU2345: 52590.83 | BV2345: 52590.83
U2346: Dec | V2346: =SUBSTITUTE(U2346,"?","Sep") -> Dec | X2346: =IF(B2335="?",ROUND(AVERAGE($B$2:$B$2355),0),B2335) -> 1978 | AT2346: R1016 | AU2346: R1016 | BD2346: 1962 | BE2346: Aug | BF2346: 4 | BG2346: =DATE(BD2346,MONTH(5&BE2346),BF2346) -> 22862 | BM2346: 1989 | BN2346: Jun | BO2346: 19 | BP2346: =DATE(BM2346,MONTH(5&BN2346),BO2346) -> 32678 | BQ2346: =INT((TODAY()-BP2346)/365.25) -> 36 | BU2346: 55135.4 | BV2346: 55135.4
U2347: Sep | V2347: =SUBSTITUTE(U2347,"?","Sep") -> Sep | X2347: =IF(B2336="?",ROUND(AVERAGE($B$2:$B$2355),0),B2336) -> 1963 | AT2347: R1017 | AU2347: R1017 | BD2347: 1989 | BE2347: Jun | BF2347: 19 | BG2347: =DATE(BD2347,MONTH(5&BE2347),BF2347) -> 32678 | BM2347: 1991 | BN2347: Jun | BO2347: 6 | BP2347: =DATE(BM2347,MONTH(5&BN2347),BO2347) -> 33395 | BQ2347: =INT((TODAY()-BP2347)/365.25) -> 34 | BU2347: 58571.07 | BV2347: 58571.07
U2348: Jun | V2348: =SUBSTITUTE(U2348,"?","Sep") -> Jun | X2348: =IF(B2337="?",ROUND(AVERAGE($B$2:$B$2355),0),B2337) -> 1958 | AT2348: R1018 | AU2348: R1018 | BD2348: 1991 | BE2348: Jun | BF2348: 6 | BG2348: =DATE(BD2348,MONTH(5&BE2348),BF2348) -> 33395 | BM2348: 1970 | BN2348: Sep | BO2348: 11 | BP2348: =DATE(BM2348,MONTH(5&BN2348),BO2348) -> 25822 | BQ2348: =INT((TODAY()-BP2348)/365.25) -> 55 | BU2348: 60021.4 | BV2348: 60021.4
U2349: Oct | V2349: =SUBSTITUTE(U2349,"?","Sep") -> Oct | X2349: =IF(B2338="?",ROUND(AVERAGE($B$2:$B$2355),0),B2338) -> 1994 | AT2349: R1019 | AU2349: R1019 | BD2349: 1970 | BE2349: Sep | BF2349: 11 | BG2349: =DATE(BD2349,MONTH(5&BE2349),BF2349) -> 25822 | BM2349: 1977 | BN2349: Jun | BO2349: 8 | BP2349: =DATE(BM2349,MONTH(5&BN2349),BO2349) -> 28284 | BQ2349: =INT((TODAY()-BP2349)/365.25) -> 48 | BU2349: 62592.87 | BV2349: 62592.87
U2350: Aug | V2350: =SUBSTITUTE(U2350,"?","Sep") -> Aug | X2350: =IF(B2339="?",ROUND(AVERAGE($B$2:$B$2355),0),B2339) -> 1962 | AT2350: R1020 | AU2350: R1020 | BD2350: 1977 | BE2350: Jun | BF2350: 8 | BG2350: =DATE(BD2350,MONTH(5&BE2350),BF2350) -> 28284 | BM2350: 1968 | BN2350: Oct | BO2350: 12 | BP2350: =DATE(BM2350,MONTH(5&BN2350),BO2350) -> 25123 | BQ2350: =INT((TODAY()-BP2350)/365.25) -> 57 | BU2350: 63770.43 | BV2350: 63770.43
U2351: Jun | V2351: =SUBSTITUTE(U2351,"?","Sep") -> Jun | X2351: =IF(B2340="?",ROUND(AVERAGE($B$2:$B$2355),0),B2340) -> 1989 | AT2351: R1021 | AU2351: R1021 | BD2351: 1968 | BE2351: Oct | BF2351: 12 | BG2351: =DATE(BD2351,MONTH(5&BE2351),BF2351) -> 25123
U2352: Jun | V2352: =SUBSTITUTE(U2352,"?","Sep") -> Jun | X2352: =IF(B2341="?",ROUND(AVERAGE($B$2:$B$2355),0),B2341) -> 1991
U2353: ? | V2353: =SUBSTITUTE(U2353,"?","Sep") -> Sep | X2353: =IF(B2342="?",ROUND(AVERAGE($B$2:$B$2355),0),B2342) -> 1970
U2354: Jun | V2354: =SUBSTITUTE(U2354,"?","Sep") -> Jun | X2354: =IF(B2343="?",ROUND(AVERAGE($B$2:$B$2355),0),B2343) -> 1977
U2355: Oct | V2355: =SUBSTITUTE(U2355,"?","Sep") -> Oct | X2355: 1968

Sheet Medical Examinations
A1: Customer ID | B1: BMI | C1: HBA1C | D1: Heart Issues | E1: Any Transplants | F1: Cancer history | G1: NumberOfMajorSurgeries | H1: NumberOfMajorSurgeries for vlookup | I1: smoker | J1: smoker column for lookup | K1: weight Status | L1: Diabetes Status
A2: Id1 | B2: 47.41 | C2: 7.47 | D2: No | E2: No | F2: No | G2: No major surgery | H2: 0 | I2: yes | J2: yes | K2: =IF(B2<18.5,"Under Weight",IF(B2<=24.9,"Normal Weight",IF(B2<=29.9,"Over Weight","Obesity"))) -> Obesity | L2: =IF(C2<5.7,"Normal",IF(C2<=6.4,"Prediabetes","Diabetes")) -> Diabetes | P2: DATA CLEANING | Z2: DATA TRANSFORMATION | AH2: DATA TRANSFORMATION | AO2: DATA TRANSFORMATION
A3: Id2 | B3: 30.36 | C3: 5.77 | D3: No | E3: No | F3: No | G3: No major surgery | H3: 0 | I3: yes | J3: yes | K3: =IF(B3<18.5,"Under Weight",IF(B3<=24.9,"Normal Weight",IF(B3<=29.9,"Over Weight","Obesity"))) -> Obesity | L3: =IF(C3<5.7,"Normal",IF(C3<=6.4,"Prediabetes","Diabetes")) -> Prediabetes
A4: Id3 | B4: 34.485 | C4: 11.87 | D4: yes | E4: No | F4: No | G4: 2 | H4: 2 | I4: yes | J4: yes | K4: =IF(B4<18.5,"Under Weight",IF(B4<=24.9,"Normal Weight",IF(B4<=29.9,"Over Weight","Obesity"))) -> Obesity | L4: =IF(C4<5.7,"Normal",IF(C4<=6.4,"Prediabetes","Diabetes")) -> Diabetes | M4: 1) The Number of missing values in the Medical Examination to contain ? with = | U4: =COUNTIF(A2:I2:I2336,"?") -> 2 | X4: 3) Check for inconsistencies in the 'Heart Issues' and 'smoker' columns and propose | AE4: 4) Create a new column named “Weight Status” that categorizes BMI into different | AM4: 5) Create a new column named “Diabetes Status” and fill it as per the information
A5: Id4 | B5: 38.095 | C5: 6.05 | D5: No | E5: No | F5: No | G5: No major surgery | H5: 0 | I5: yes | J5: yes | K5: =IF(B5<18.5,"Under Weight",IF(B5<=24.9,"Normal Weight",IF(B5<=29.9,"Over Weight","Obesity"))) -> Obesity | L5: =IF(C5<5.7,"Normal",IF(C5<=6.4,"Prediabetes","Diabetes")) -> Prediabetes | X5: corrective actions if necessary. | AE5: categories as below: | AM5: given below:
A6: Id5 | B6: 35.53 | C6: 5.45 | D6: No | E6: No | F6: No | G6: No major surgery | H6: 0 | I6: yes | J6: yes | K6: =IF(B6<18.5,"Under Weight",IF(B6<=24.9,"Normal Weight",IF(B6<=29.9,"Over Weight","Obesity"))) -> Obesity | L6: =IF(C6<5.7,"Normal",IF(C6<=6.4,"Prediabetes","Diabetes")) -> Normal
A7: Id6 | B7: 32.8 | C7: 6.59 | D7: No | E7: No | F7: No | G7: No major surgery | H7: 0 | I7: yes | J7: yes | K7: =IF(B7<18.5,"Under Weight",IF(B7<=24.9,"Normal Weight",IF(B7<=29.9,"Over Weight","Obesity"))) -> Obesity | L7: =IF(C7<5.7,"Normal",IF(C7<=6.4,"Prediabetes","Diabetes")) -> Diabetes | P7: DATA TRANSFORMATION | Y7: Customer ID | Z7: Heart Issues | AA7: smoker | AB7: Corretive "HI" column | AC7: Corrective "Smoker" column | AH7: BMI | AI7: Weight Status | AQ7: HBA1C | AR7: Diabetes Status
A8: Id7 | B8: 36.4 | C8: 6.07 | D8: No | E8: No | F8: No | G8: No major surgery | H8: 0 | I8: yes | J8: yes | K8: =IF(B8<18.5,"Under Weight",IF(B8<=24.9,"Normal Weight",IF(B8<=29.9,"Over Weight","Obesity"))) -> Obesity | L8: =IF(C8<5.7,"Normal",IF(C8<=6.4,"Prediabetes","Diabetes")) -> Prediabetes | Y8: Id1 | Z8: No | AA8: yes | AB8: =PROPER(Z8) -> No | AC8: =PROPER(AA8) -> Yes | AH8: Below 18.5 | AI8: Under Weight | AQ8: Below 5.7 | AR8: Normal
A9: Id8 | B9: 36.96 | C9: 7.93 | D9: No | E9: No | F9: No | G9: 3 | H9: 3 | I9: yes | J9: yes | K9: =IF(B9<18.5,"Under Weight",IF(B9<=24.9,"Normal Weight",IF(B9<=29.9,"Over Weight","Obesity"))) -> Obesity | L9: =IF(C9<5.7,"Normal",IF(C9<=6.4,"Prediabetes","Diabetes")) -> Diabetes | N9: 2) Convert the "NumberOfMajorSurgeries" column in the “Medical Examinations” Table to | Y9: Id2 | Z9: No | AA9: yes | AB9: =PROPER(Z9) -> No | AC9: =PROPER(AA9) -> Yes | AH9: 18.5 - 24.9 | AI9: Normal Weight | AQ9: 5.7 - 6.4 | AR9: Prediabetes
A10: Id9 | B10: 41.14 | C10: 9.58 | D10: yes | E10: No | F10: Yes | G10: 1 | H10: 1 | I10: yes | J10: yes | K10: =IF(B10<18.5,"Under Weight",IF(B10<=24.9,"Normal Weight",IF(B10<=29.9,"Over Weight","Obesity"))) -> Obesity | L10: =IF(C10<5.7,"Normal",IF(C10<=6.4,"Prediabetes","Diabetes")) -> Diabetes | N10: numerical data by replacing non-numeric characters with meaningful numerical values | Y10: Id3 | Z10: yes | AA10: yes | AB10: =PROPER(Z10) -> Yes | AC10: =PROPER(AA10) -> Yes | AH10: 25.0 - 29.9 | AI10: Over Weight | AQ10: 6.5 and Above | AR10: Diabetes
A11: Id10 | B11: 38.06 | C11: 10.79 | D11: No | E11: No | F11: No | G11: No major surgery | H11: 0 | I11: yes | J11: yes | K11: =IF(B11<18.5,"Under Weight",IF(B11<=24.9,"Normal Weight",IF(B11<=29.9,"Over Weight","Obesity"))) -> Obesity | L11: =IF(C11<5.7,"Normal",IF(C11<=6.4,"Prediabetes","Diabetes")) -> Diabetes | Y11: Id4 | Z11: No | AA11: yes | AB11: =PROPER(Z11) -> No | AC11: =PROPER(AA11) -> Yes | AH11: 30.0 and Above | AI11: Obesity
A12: Id11 | B12: 37.7 | C12: 5.96 | D12: yes | E12: No | F12: No | G12: 2 | H12: 2 | I12: yes | J12: yes | K12: =IF(B12<18.5,"Under Weight",IF(B12<=24.9,"Normal Weight",IF(B12<=29.9,"Over Weight","Obesity"))) -> Obesity | L12: =IF(C12<5.7,"Normal",IF(C12<=6.4,"Prediabetes","Diabetes")) -> Prediabetes | P12: NumberOfMajorSurgeries | Q12: NumberOfMajorSurgeries | Y12: Id5 | Z12: No | AA12: yes | AB12: =PROPER(Z12) -> No | AC12: =PROPER(AA12) -> Yes
A13: Id12 | B13: 42.13 | C13: 11.9 | D13: No | E13: No | F13: No | G13: No major surgery | H13: 0 | I13: yes | J13: yes | K13: =IF(B13<18.5,"Under Weight",IF(B13<=24.9,"Normal Weight",IF(B13<=29.9,"Over Weight","Obesity"))) -> Obesity | L13: =IF(C13<5.7,"Normal",IF(C13<=6.4,"Prediabetes","Diabetes")) -> Diabetes | P13: No major surgery | Q13: 0 | Y13: Id6 | Z13: No | AA13: yes | AB13: =PROPER(Z13) -> No | AC13: =PROPER(AA13) -> Yes | AG13: Customer ID | AH13: BMI | AI13: weight Status | AP13: Customer ID | AQ13: HBA1C | AR13: Diabetes Status
A14: Id13 | B14: 40.92 | C14: 8.41 | D14: No | E14: No | F14: No | G14: No major surgery | H14: 0 | I14: yes | J14: yes | K14: =IF(B14<18.5,"Under Weight",IF(B14<=24.9,"Normal Weight",IF(B14<=29.9,"Over Weight","Obesity"))) -> Obesity | L14: =IF(C14<5.7,"Normal",IF(C14<=6.4,"Prediabetes","Diabetes")) -> Diabetes | P14: No major surgery | Q14: 0 | Y14: Id7 | Z14: No | AA14: yes | AB14: =PROPER(Z14) -> No | AC14: =PROPER(AA14) -> Yes | AG14: Id1 | AH14: 47.41 | AI14: =IF(AH14<18.5,"Under Weight",IF(AH14<=24.9,"Normal Weight",IF(AH14<=29.9,"Over Weight","Obesity"))) -> Obesity | AP14: Id1 | AQ14: 7.47 | AR14: =IF(AQ14<5.7,"Normal",IF(AQ14<=6.4,"Prediabetes","Diabetes")) -> Diabetes
A15: Id14 | B15: 40.565 | C15: 7.02 | D15: No | E15: No | F15: No | G15: No major surgery | H15: 0 | I15: yes | J15: yes | K15: =IF(B15<18.5,"Under Weight",IF(B15<=24.9,"Normal Weight",IF(B15<=29.9,"Over Weight","Obesity"))) -> Obesity | L15: =IF(C15<5.7,"Normal",IF(C15<=6.4,"Prediabetes","Diabetes")) -> Diabetes | P15: 2 | Q15: 2 | Y15: Id8 | Z15: No | AA15: yes | AB15: =PROPER(Z15) -> No | AC15: =PROPER(AA15) -> Yes | AG15: Id2 | AH15: 30.36 | AI15: =IF(AH15<18.5,"Under Weight",IF(AH15<=24.9,"Normal Weight",IF(AH15<=29.9,"Over Weight","Obesity"))) -> Obesity | AP15: Id2 | AQ15: 5.77 | AR15: =IF(AQ15<5.7,"Normal",IF(AQ15<=6.5,"Prediabetes","Diabetes")) -> Prediabetes
A16: Id15 | B16: 36.385 | C16: 7.59 | D16: yes | E16: No | F16: No | G16: 2 | H16: 2 | I16: yes | J16: yes | K16: =IF(B16<18.5,"Under Weight",IF(B16<=24.9,"Normal Weight",IF(B16<=29.9,"Over Weight","Obesity"))) -> Obesity | L16: =IF(C16<5.7,"Normal",IF(C16<=6.4,"Prediabetes","Diabetes")) -> Diabetes | P16: No major surgery | Q16: 0 | Y16: Id9 | Z16: yes | AA16: yes | AB16: =PROPER(Z16) -> Yes | AC16: =PROPER(AA16) -> Yes | AG16: Id3 | AH16: 34.485 | AI16: =IF(AH16<18.5,"Under Weight",IF(AH16<=24.9,"Normal Weight",IF(AH16<=29.9,"Over Weight","Obesity"))) -> Obesity | AP16: Id3 | AQ16: 11.87 | AR16: =IF(AQ16<5.7,"Normal",IF(AQ16<=6.5,"Prediabetes","Diabetes")) -> Diabetes
A17: Id16 | B17: 39.9 | C17: 11.32 | D17: No | E17: No | F17: No | G17: No major surgery | H17: 0 | I17: yes | J17: yes | K17: =IF(B17<18.5,"Under Weight",IF(B17<=24.9,"Normal Weight",IF(B17<=29.9,"Over Weight","Obesity"))) -> Obesity | L17: =IF(C17<5.7,"Normal",IF(C17<=6.4,"Prediabetes","Diabetes")) -> Diabetes | P17: No major surgery | Q17: 0 | Y17: Id10 | Z17: No | AA17: yes | AB17: =PROPER(Z17) -> No | AC17: =PROPER(AA17) -> Yes | AG17: Id4 | AH17: 38.095 | AI17: =IF(AH17<18.5,"Under Weight",IF(AH17<=24.9,"Normal Weight",IF(AH17<=29.9,"Over Weight","Obesity"))) -> Obesity | AP17: Id4 | AQ17: 6.05 | AR17: =IF(AQ17<5.7,"Normal",IF(AQ17<=6.5,"Prediabetes","Diabetes")) -> Prediabetes
A18: Id17 | B18: 33.8 | C18: 7.67 | D18: No | E18: No | F18: No | G18: 3 | H18: 3 | I18: yes | J18: yes | K18: =IF(B18<18.5,"Under Weight",IF(B18<=24.9,"Normal Weight",IF(B18<=29.9,"Over Weight","Obesity"))) -> Obesity | L18: =IF(C18<5.7,"Normal",IF(C18<=6.4,"Prediabetes","Diabetes")) -> Diabetes | P18: No major surgery | Q18: 0 | Y18: Id11 | Z18: yes | AA18: yes | AB18: =PROPER(Z18) -> Yes | AC18: =PROPER(AA18) -> Yes | AG18: Id5 | AH18: 35.53 | AI18: =IF(AH18<18.5,"Under Weight",IF(AH18<=24.9,"Normal Weight",IF(AH18<=29.9,"Over Weight","Obesity"))) -> Obesity | AP18: Id5 | AQ18: 5.45 | AR18: =IF(AQ18<5.7,"Normal",IF(AQ18<=6.5,"Prediabetes","Diabetes")) -> Normal
A19: Id18 | B19: 36.765 | C19: 7.29 | D19: yes | E19: No | F19: Yes | G19: 1 | H19: 1 | I19: yes | J19: yes | K19: =IF(B19<18.5,"Under Weight",IF(B19<=24.9,"Normal Weight",IF(B19<=29.9,"Over Weight","Obesity"))) -> Obesity | L19: =IF(C19<5.7,"Normal",IF(C19<=6.4,"Prediabetes","Diabetes")) -> Diabetes | P19: No major surgery | Q19: 0 | Y19: Id12 | Z19: No | AA19: yes | AB19: =PROPER(Z19) -> No | AC19: =PROPER(AA19) -> Yes | AG19: Id6 | AH19: 32.8 | AI19: =IF(AH19<18.5,"Under Weight",IF(AH19<=24.9,"Normal Weight",IF(AH19<=29.9,"Over Weight","Obesity"))) -> Obesity | AP19: Id6 | AQ19: 6.59 | AR19: =IF(AQ19<5.7,"Normal",IF(AQ19<=6.5,"Prediabetes","Diabetes")) -> Diabetes
A20: Id19 | B20: 36.955 | C20: 4.72 | D20: yes | E20: No | F20: No | G20: 1 | H20: 1 | I20: yes | J20: yes | K20: =IF(B20<18.5,"Under Weight",IF(B20<=24.9,"Normal Weight",IF(B20<=29.9,"Over Weight","Obesity"))) -> Obesity | L20: =IF(C20<5.7,"Normal",IF(C20<=6.4,"Prediabetes","Diabetes")) -> Normal | P20: 3 | Q20: 3 | Y20: Id13 | Z20: No | AA20: yes | AB20: =PROPER(Z20) -> No | AC20: =PROPER(AA20) -> Yes | AG20: Id7 | AH20: 36.4 | AI20: =IF(AH20<18.5,"Under Weight",IF(AH20<=24.9,"Normal Weight",IF(AH20<=29.9,"Over Weight","Obesity"))) -> Obesity | AP20: Id7 | AQ20: 6.07 | AR20: =IF(AQ20<5.7,"Normal",IF(AQ20<=6.5,"Prediabetes","Diabetes")) -> Prediabetes
A21: Id20 | B21: 42.9 | C21: 11.41 | D21: No | E21: No | F21: No | G21: No major surgery | H21: 0 | I21: yes | J21: yes | K21: =IF(B21<18.5,"Under Weight",IF(B21<=24.9,"Normal Weight",IF(B21<=29.9,"Over Weight","Obesity"))) -> Obesity | L21: =IF(C21<5.7,"Normal",IF(C21<=6.4,"Prediabetes","Diabetes")) -> Diabetes | P21: 1 | Q21: 1 | Y21: Id14 | Z21: No | AA21: yes | AB21: =PROPER(Z21) -> No | AC21: =PROPER(AA21) -> Yes | AG21: Id8 | AH21: 36.96 | AI21: =IF(AH21<18.5,"Under Weight",IF(AH21<=24.9,"Normal Weight",IF(AH21<=29.9,"Over Weight","Obesity"))) -> Obesity | AP21: Id8 | AQ21: 7.93 | AR21: =IF(AQ21<5.7,"Normal",IF(AQ21<=6.5,"Prediabetes","Diabetes")) -> Diabetes
A22: Id21 | B22: 36.3 | C22: 11.5 | D22: yes | E22: No | F22: No | G22: 2 | H22: 2 | I22: yes | J22: yes | K22: =IF(B22<18.5,"Under Weight",IF(B22<=24.9,"Normal Weight",IF(B22<=29.9,"Over Weight","Obesity"))) -> Obesity | L22: =IF(C22<5.7,"Normal",IF(C22<=6.4,"Prediabetes","Diabetes")) -> Diabetes | P22: No major surgery | Q22: 0 | Y22: Id15 | Z22: yes | AA22: yes | AB22: =PROPER(Z22) -> Yes | AC22: =PROPER(AA22) -> Yes | AG22: Id9 | AH22: 41.14 | AI22: =IF(AH22<18.5,"Under Weight",IF(AH22<=24.9,"Normal Weight",IF(AH22<=29.9,"Over Weight","Obesity"))) -> Obesity | AP22: Id9 | AQ22: 9.58 | AR22: =IF(AQ22<5.7,"Normal",IF(AQ22<=6.5,"Prediabetes","Diabetes")) -> Diabetes
A23: Id22 | B23: 32.2 | C23: 6.22 | D23: yes | E23: No | F23: No | G23: 2 | H23: 2 | I23: yes | J23: yes | K23: =IF(B23<18.5,"Under Weight",IF(B23<=24.9,"Normal Weight",IF(B23<=29.9,"Over Weight","Obesity"))) -> Obesity | L23: =IF(C23<5.7,"Normal",IF(C23<=6.4,"Prediabetes","Diabetes")) -> Prediabetes | P23: 2 | Q23: 2 | Y23: Id16 | Z23: No | AA23: yes | AB23: =PROPER(Z23) -> No | AC23: =PROPER(AA23) -> Yes | AG23: Id10 | AH23: 38.06 | AI23: =IF(AH23<18.5,"Under Weight",IF(AH23<=24.9,"Normal Weight",IF(AH23<=29.9,"Over Weight","Obesity"))) -> Obesity | AP23: Id10 | AQ23: 10.79 | AR23: =IF(AQ23<5.7,"Normal",IF(AQ23<=6.5,"Prediabetes","Diabetes")) -> Diabetes
A24: Id23 | B24: 31.3 | C24: 11.38 | D24: No | E24: No | F24: No | G24: 3 | H24: 3 | I24: yes | J24: yes | K24: =IF(B24<18.5,"Under Weight",IF(B24<=24.9,"Normal Weight",IF(B24<=29.9,"Over Weight","Obesity"))) -> Obesity | L24: =IF(C24<5.7,"Normal",IF(C24<=6.4,"Prediabetes","Diabetes")) -> Diabetes | P24: No major surgery | Q24: 0 | Y24: Id17 | Z24: No | AA24: yes | AB24: =PROPER(Z24) -> No | AC24: =PROPER(AA24) -> Yes | AG24: Id11 | AH24: 37.7 | AI24: =IF(AH24<18.5,"Under Weight",IF(AH24<=24.9,"Normal Weight",IF(AH24<=29.9,"Over Weight","Obesity"))) -> Obesity | AP24: Id11 | AQ24: 5.96 | AR24: =IF(AQ24<5.7,"Normal",IF(AQ24<=6.5,"Prediabetes","Diabetes")) -> Prediabetes
A25: Id24 | B25: 41.8 | C25: 7.89 | D25: yes | E25: No | F25: No | G25: 2 | H25: 2 | I25: yes | J25: yes | K25: =IF(B25<18.5,"Under Weight",IF(B25<=24.9,"Normal Weight",IF(B25<=29.9,"Over Weight","Obesity"))) -> Obesity | L25: =IF(C25<5.7,"Normal",IF(C25<=6.4,"Prediabetes","Diabetes")) -> Diabetes | P25: No major surgery | Q25: 0 | Y25: Id18 | Z25: yes | AA25: yes | AB25: =PROPER(Z25) -> Yes | AC25: =PROPER(AA25) -> Yes | AG25: Id12 | AH25: 42.13 | AI25: =IF(AH25<18.5,"Under Weight",IF(AH25<=24.9,"Normal Weight",IF(AH25<=29.9,"Over Weight","Obesity"))) -> Obesity | AP25: Id12 | AQ25: 11.9 | AR25: =IF(AQ25<5.7,"Normal",IF(AQ25<=6.5,"Prediabetes","Diabetes")) -> Diabetes
A26: Id25 | B26: 35.09 | C26: 4.38 | D26: yes | E26: No | F26: No | G26: 2 | H26: 2 | I26: yes | J26: yes | K26: =IF(B26<18.5,"Under Weight",IF(B26<=24.9,"Normal Weight",IF(B26<=29.9,"Over Weight","Obesity"))) -> Obesity | L26: =IF(C26<5.7,"Normal",IF(C26<=6.4,"Prediabetes","Diabetes")) -> Normal | P26: No major surgery | Q26: 0 | Y26: Id19 | Z26: yes | AA26: yes | AB26: =PROPER(Z26) -> Yes | AC26: =PROPER(AA26) -> Yes | AG26: Id13 | AH26: 40.92 | AI26: =IF(AH26<18.5,"Under Weight",IF(AH26<=24.9,"Normal Weight",IF(AH26<=29.9,"Over Weight","Obesity"))) -> Obesity | AP26: Id13 | AQ26: 8.41 | AR26: =IF(AQ26<5.7,"Normal",IF(AQ26<=6.5,"Prediabetes","Diabetes")) -> Diabetes
A27: Id26 | B27: 33.88 | C27: 7.01 | D27: No | E27: No | F27: No | G27: 3 | H27: 3 | I27: yes | J27: yes | K27: =IF(B27<18.5,"Under Weight",IF(B27<=24.9,"Normal Weight",IF(B27<=29.9,"Over Weight","Obesity"))) -> Obesity | L27: =IF(C27<5.7,"Normal",IF(C27<=6.4,"Prediabetes","Diabetes")) -> Diabetes | P27: 2 | Q27: 2 | Y27: Id20 | Z27: No | AA27: yes | AB27: =PROPER(Z27) -> No | AC27: =PROPER(AA27) -> Yes | AG27: Id14 | AH27: 40.565 | AI27: =IF(AH27<18.5,"Under Weight",IF(AH27<=24.9,"Normal Weight",IF(AH27<=29.9,"Over Weight","Obesity"))) -> Obesity | AP27: Id14 | AQ27: 7.02 | AR27: =IF(AQ27<5.7,"Normal",IF(AQ27<=6.5,"Prediabetes","Diabetes")) -> Diabetes
A28: Id27 | B28: 30.875 | C28: 11.88 | D28: No | E28: No | F28: No | G28: No major surgery | H28: 0 | I28: yes | J28: yes | K28: =IF(B28<18.5,"Under Weight",IF(B28<=24.9,"Normal Weight",IF(B28<=29.9,"Over Weight","Obesity"))) -> Obesity | L28: =IF(C28<5.7,"Normal",IF(C28<=6.4,"Prediabetes","Diabetes")) -> Diabetes | P28: No major surgery | Q28: 0 | Y28: Id21 | Z28: yes | AA28: yes | AB28: =PROPER(Z28) -> Yes | AC28: =PROPER(AA28) -> Yes | AG28: Id15 | AH28: 36.385 | AI28: =IF(AH28<18.5,"Under Weight",IF(AH28<=24.9,"Normal Weight",IF(AH28<=29.9,"Over Weight","Obesity"))) -> Obesity | AP28: Id15 | AQ28: 7.59 | AR28: =IF(AQ28<5.7,"Normal",IF(AQ28<=6.5,"Prediabetes","Diabetes")) -> Diabetes
A29: Id28 | B29: 36.86 | C29: 5.19 | D29: yes | E29: No | F29: Yes | G29: 1 | H29: 1 | I29: yes | J29: yes | K29: =IF(B29<18.5,"Under Weight",IF(B29<=24.9,"Normal Weight",IF(B29<=29.9,"Over Weight","Obesity"))) -> Obesity | L29: =IF(C29<5.7,"Normal",IF(C29<=6.4,"Prediabetes","Diabetes")) -> Normal | P29: 3 | Q29: 3 | Y29: Id22 | Z29: yes | AA29: yes | AB29: =PROPER(Z29) -> Yes | AC29: =PROPER(AA29) -> Yes | AG29: Id16 | AH29: 39.9 | AI29: =IF(AH29<18.5,"Under Weight",IF(AH29<=24.9,"Normal Weight",IF(AH29<=29.9,"Over Weight","Obesity"))) -> Obesity | AP29: Id16 | AQ29: 11.32 | AR29: =IF(AQ29<5.7,"Normal",IF(AQ29<=6.5,"Prediabetes","Diabetes")) -> Diabetes
A30: Id29 | B30: 35.86 | C30: 6.74 | D30: yes | E30: No | F30: No | G30: 2 | H30: 2 | I30: yes | J30: yes | K30: =IF(B30<18.5,"Under Weight",IF(B30<=24.9,"Normal Weight",IF(B30<=29.9,"Over Weight","Obesity"))) -> Obesity | L30: =IF(C30<5.7,"Normal",IF(C30<=6.4,"Prediabetes","Diabetes")) -> Diabetes | P30: 1 | Q30: 1 | Y30: Id23 | Z30: No | AA30: yes | AB30: =PROPER(Z30) -> No | AC30: =PROPER(AA30) -> Yes | AG30: Id17 | AH30: 33.8 | AI30: =IF(AH30<18.5,"Under Weight",IF(AH30<=24.9,"Normal Weight",IF(AH30<=29.9,"Over Weight","Obesity"))) -> Obesity | AP30: Id17 | AQ30: 7.67 | AR30: =IF(AQ30<5.7,"Normal",IF(AQ30<=6.5,"Prediabetes","Diabetes")) -> Diabetes
A31: Id30 | B31: 37.05 | C31: 8.44 | D31: No | E31: No | F31: No | G31: No major surgery | H31: 0 | I31: yes | J31: yes | K31: =IF(B31<18.5,"Under Weight",IF(B31<=24.9,"Normal Weight",IF(B31<=29.9,"Over Weight","Obesity"))) -> Obesity | L31: =IF(C31<5.7,"Normal",IF(C31<=6.4,"Prediabetes","Diabetes")) -> Diabetes | P31: 1 | Q31: 1 | Y31: Id24 | Z31: yes | AA31: yes | AB31: =PROPER(Z31) -> Yes | AC31: =PROPER(AA31) -> Yes | AG31: Id18 | AH31: 36.765 | AI31: =IF(AH31<18.5,"Under Weight",IF(AH31<=24.9,"Normal Weight",IF(AH31<=29.9,"Over Weight","Obesity"))) -> Obesity | AP31: Id18 | AQ31: 7.29 | AR31: =IF(AQ31<5.7,"Normal",IF(AQ31<=6.5,"Prediabetes","Diabetes")) -> Diabetes
A32: Id31 | B32: 43.89 | C32: 8.71 | D32: No | E32: No | F32: No | G32: No major surgery | H32: 0 | I32: yes | J32: yes | K32: =IF(B32<18.5,"Under Weight",IF(B32<=24.9,"Normal Weight",IF(B32<=29.9,"Over Weight","Obesity"))) -> Obesity | L32: =IF(C32<5.7,"Normal",IF(C32<=6.4,"Prediabetes","Diabetes")) -> Diabetes | P32: No major surgery | Q32: 0 | Y32: Id25 | Z32: yes | AA32: yes | AB32: =PROPER(Z32) -> Yes | AC32: =PROPER(AA32) -> Yes | AG32: Id19 | AH32: 36.955 | AI32: =IF(AH32<18.5,"Under Weight",IF(AH32<=24.9,"Normal Weight",IF(AH32<=29.9,"Over Weight","Obesity"))) -> Obesity | AP32: Id19 | AQ32: 4.72 | AR32: =IF(AQ32<5.7,"Normal",IF(AQ32<=6.5,"Prediabetes","Diabetes")) -> Normal
A33: Id32 | B33: 42.35 | C33: 5.08 | D33: yes | E33: No | F33: No | G33: No major surgery | H33: 0 | I33: yes | J33: yes | K33: =IF(B33<18.5,"Under Weight",IF(B33<=24.9,"Normal Weight",IF(B33<=29.9,"Over Weight","Obesity"))) -> Obesity | L33: =IF(C33<5.7,"Normal",IF(C33<=6.4,"Prediabetes","Diabetes")) -> Normal | P33: 2 | Q33: 2 | Y33: Id26 | Z33: No | AA33: yes | AB33: =PROPER(Z33) -> No | AC33: =PROPER(AA33) -> Yes | AG33: Id20 | AH33: 42.9 | AI33: =IF(AH33<18.5,"Under Weight",IF(AH33<=24.9,"Normal Weight",IF(AH33<=29.9,"Over Weight","Obesity"))) -> Obesity | AP33: Id20 | AQ33: 11.41 | AR33: =IF(AQ33<5.7,"Normal",IF(AQ33<=6.5,"Prediabetes","Diabetes")) -> Diabetes
A34: Id33 | B34: 31.35 | C34: 6.86 | D34: No | E34: No | F34: No | G34: No major surgery | H34: 0 | I34: yes | J34: yes | K34: =IF(B34<18.5,"Under Weight",IF(B34<=24.9,"Normal Weight",IF(B34<=29.9,"Over Weight","Obesity"))) -> Obesity | L34: =IF(C34<5.7,"Normal",IF(C34<=6.4,"Prediabetes","Diabetes")) -> Diabetes | P34: 2 | Q34: 2 | Y34: Id27 | Z34: No | AA34: yes | AB34: =PROPER(Z34) -> No | AC34: =PROPER(AA34) -> Yes | AG34: Id21 | AH34: 36.3 | AI34: =IF(AH34<18.5,"Under Weight",IF(AH34<=24.9,"Normal Weight",IF(AH34<=29.9,"Over Weight","Obesity"))) -> Obesity | AP34: Id21 | AQ34: 11.5 | AR34: =IF(AQ34<5.7,"Normal",IF(AQ34<=6.5,"Prediabetes","Diabetes")) -> Diabetes
A35: Id34 | B35: 47.6 | C35: 5.95 | D35: yes | E35: No | F35: No | G35: No major surgery | H35: 0 | I35: yes | J35: yes | K35: =IF(B35<18.5,"Under Weight",IF(B35<=24.9,"Normal Weight",IF(B35<=29.9,"Over Weight","Obesity"))) -> Obesity | L35: =IF(C35<5.7,"Normal",IF(C35<=6.4,"Prediabetes","Diabetes")) -> Prediabetes | P35: 3 | Q35: 3 | Y35: Id28 | Z35: yes | AA35: yes | AB35: =PROPER(Z35) -> Yes | AC35: =PROPER(AA35) -> Yes | AG35: Id22 | AH35: 32.2 | AI35: =IF(AH35<18.5,"Under Weight",IF(AH35<=24.9,"Normal Weight",IF(AH35<=29.9,"Over Weight","Obesity"))) -> Obesity | AP35: Id22 | AQ35: 6.22 | AR35: =IF(AQ35<5.7,"Normal",IF(AQ35<=6.5,"Prediabetes","Diabetes")) -> Prediabetes
A36: Id35 | B36: 46.2 | C36: 6.09 | D36: No | E36: No | F36: Yes | G36: 1 | H36: 1 | I36: yes | J36: yes | K36: =IF(B36<18.5,"Under Weight",IF(B36<=24.9,"Normal Weight",IF(B36<=29.9,"Over Weight","Obesity"))) -> Obesity | L36: =IF(C36<5.7,"Normal",IF(C36<=6.4,"Prediabetes","Diabetes")) -> Prediabetes | P36: 2 | Q36: 2 | Y36: Id29 | Z36: yes | AA36: yes | AB36: =PROPER(Z36) -> Yes | AC36: =PROPER(AA36) -> Yes | AG36: Id23 | AH36: 31.3 | AI36: =IF(AH36<18.5,"Under Weight",IF(AH36<=24.9,"Normal Weight",IF(AH36<=29.9,"Over Weight","Obesity"))) -> Obesity | AP36: Id23 | AQ36: 11.38 | AR36: =IF(AQ36<5.7,"Normal",IF(AQ36<=6.5,"Prediabetes","Diabetes")) -> Diabetes
A37: Id36 | B37: 32.015 | C37: 11.75 | D37: No | E37: No | F37: No | G37: No major surgery | H37: 0 | I37: yes | J37: yes | K37: =IF(B37<18.5,"Under Weight",IF(B37<=24.9,"Normal Weight",IF(B37<=29.9,"Over Weight","Obesity"))) -> Obesity | L37: =IF(C37<5.7,"Normal",IF(C37<=6.4,"Prediabetes","Diabetes")) -> Diabetes | P37: 2 | Q37: 2 | Y37: Id30 | Z37: No | AA37: yes | AB37: =PROPER(Z37) -> No | AC37: =PROPER(AA37) -> Yes | AG37: Id24 | AH37: 41.8 | AI37: =IF(AH37<18.5,"Under Weight",IF(AH37<=24.9,"Normal Weight",IF(AH37<=29.9,"Over Weight","Obesity"))) -> Obesity | AP37: Id24 | AQ37: 7.89 | AR37: =IF(AQ37<5.7,"Normal",IF(AQ37<=6.5,"Prediabetes","Diabetes")) -> Diabetes
A38: Id37 | B38: 40.565 | C38: 7.37 | D38: No | E38: No | F38: No | G38: No major surgery | H38: 0 | I38: yes | J38: yes | K38: =IF(B38<18.5,"Under Weight",IF(B38<=24.9,"Normal Weight",IF(B38<=29.9,"Over Weight","Obesity"))) -> Obesity | L38: =IF(C38<5.7,"Normal",IF(C38<=6.4,"Prediabetes","Diabetes")) -> Diabetes | P38: 3 | Q38: 3 | Y38: Id31 | Z38: No | AA38: yes | AB38: =PROPER(Z38) -> No | AC38: =PROPER(AA38) -> Yes | AG38: Id25 | AH38: 35.09 | AI38: =IF(AH38<18.5,"Under Weight",IF(AH38<=24.9,"Normal Weight",IF(AH38<=29.9,"Over Weight","Obesity"))) -> Obesity | AP38: Id25 | AQ38: 4.38 | AR38: =IF(AQ38<5.7,"Normal",IF(AQ38<=6.5,"Prediabetes","Diabetes")) -> Normal
A39: Id38 | B39: 32.45 | C39: 11.91 | D39: No | E39: No | F39: No | G39: No major surgery | H39: 0 | I39: yes | J39: yes | K39: =IF(B39<18.5,"Under Weight",IF(B39<=24.9,"Normal Weight",IF(B39<=29.9,"Over Weight","Obesity"))) -> Obesity | L39: =IF(C39<5.7,"Normal",IF(C39<=6.4,"Prediabetes","Diabetes")) -> Diabetes | P39: No major surgery | Q39: 0 | Y39: Id32 | Z39: yes | AA39: yes | AB39: =PROPER(Z39) -> Yes | AC39: =PROPER(AA39) -> Yes | AG39: Id26 | AH39: 33.88 | AI39: =IF(AH39<18.5,"Under Weight",IF(AH39<=24.9,"Normal Weight",IF(AH39<=29.9,"Over Weight","Obesity"))) -> Obesity | AP39: Id26 | AQ39: 7.01 | AR39: =IF(AQ39<5.7,"Normal",IF(AQ39<=6.5,"Prediabetes","Diabetes")) -> Diabetes
A40: Id39 | B40: 34.96 | C40: 6.52 | D40: No | E40: No | F40: No | G40: No major surgery | H40: 0 | I40: yes | J40: yes | K40: =IF(B40<18.5,"Under Weight",IF(B40<=24.9,"Normal Weight",IF(B40<=29.9,"Over Weight","Obesity"))) -> Obesity | L40: =IF(C40<5.7,"Normal",IF(C40<=6.4,"Prediabetes","Diabetes")) -> Diabetes | P40: 1 | Q40: 1 | Y40: Id33 | Z40: No | AA40: yes | AB40: =PROPER(Z40) -> No | AC40: =PROPER(AA40) -> Yes | AG40: Id27 | AH40: 30.875 | AI40: =IF(AH40<18.5,"Under Weight",IF(AH40<=24.9,"Normal Weight",IF(AH40<=29.9,"Over Weight","Obesity"))) -> Obesity | AP40: Id27 | AQ40: 11.88 | AR40: =IF(AQ40<5.7,"Normal",IF(AQ40<=6.5,"Prediabetes","Diabetes")) -> Diabetes
A41: Id40 | B41: 35.5 | C41: 5.14 | D41: No | E41: No | F41: Yes | G41: 1 | H41: 1 | I41: yes | J41: yes | K41: =IF(B41<18.5,"Under Weight",IF(B41<=24.9,"Normal Weight",IF(B41<=29.9,"Over Weight","Obesity"))) -> Obesity | L41: =IF(C41<5.7,"Normal",IF(C41<=6.4,"Prediabetes","Diabetes")) -> Normal | P41: 2 | Q41: 2 | Y41: Id34 | Z41: yes | AA41: yes | AB41: =PROPER(Z41) -> Yes | AC41: =PROPER(AA41) -> Yes | AG41: Id28 | AH41: 36.86 | AI41: =IF(AH41<18.5,"Under Weight",IF(AH41<=24.9,"Normal Weight",IF(AH41<=29.9,"Over Weight","Obesity"))) -> Obesity | AP41: Id28 | AQ41: 5.19 | AR41: =IF(AQ41<5.7,"Normal",IF(AQ41<=6.5,"Prediabetes","Diabetes")) -> Normal
A42: Id41 | B42: 52.58 | C42: 4.19 | D42: No | E42: yes | F42: No | G42: 1 | H42: 1 | I42: yes | J42: yes | K42: =IF(B42<18.5,"Under Weight",IF(B42<=24.9,"Normal Weight",IF(B42<=29.9,"Over Weight","Obesity"))) -> Obesity | L42: =IF(C42<5.7,"Normal",IF(C42<=6.4,"Prediabetes","Diabetes")) -> Normal | P42: No major surgery | Q42: 0 | Y42: Id35 | Z42: No | AA42: yes | AB42: =PROPER(Z42) -> No | AC42: =PROPER(AA42) -> Yes | AG42: Id29 | AH42: 35.86 | AI42: =IF(AH42<18.5,"Under Weight",IF(AH42<=24.9,"Normal Weight",IF(AH42<=29.9,"Over Weight","Obesity"))) -> Obesity | AP42: Id29 | AQ42: 6.74 | AR42: =IF(AQ42<5.7,"Normal",IF(AQ42<=6.5,"Prediabetes","Diabetes")) -> Diabetes
A43: Id42 | B43: 35.2 | C43: 11.68 | D43: yes | E43: No | F43: No | G43: No major surgery | H43: 0 | I43: yes | J43: yes | K43: =IF(B43<18.5,"Under Weight",IF(B43<=24.9,"Normal Weight",IF(B43<=29.9,"Over Weight","Obesity"))) -> Obesity | L43: =IF(C43<5.7,"Normal",IF(C43<=6.4,"Prediabetes","Diabetes")) -> Diabetes | P43: No major surgery | Q43: 0 | Y43: Id36 | Z43: No | AA43: yes | AB43: =PROPER(Z43) -> No | AC43: =PROPER(AA43) -> Yes | AG43: Id30 | AH43: 37.05 | AI43: =IF(AH43<18.5,"Under Weight",IF(AH43<=24.9,"Normal Weight",IF(AH43<=29.9,"Over Weight","Obesity"))) -> Obesity | AP43: Id30 | AQ43: 8.44 | AR43: =IF(AQ43<5.7,"Normal",IF(AQ43<=6.5,"Prediabetes","Diabetes")) -> Diabetes
A44: Id43 | B44: 38.06 | C44: 6.98 | D44: No | E44: No | F44: No | G44: No major surgery | H44: 0 | I44: yes | J44: yes | K44: =IF(B44<18.5,"Under Weight",IF(B44<=24.9,"Normal Weight",IF(B44<=29.9,"Over Weight","Obesity"))) -> Obesity | L44: =IF(C44<5.7,"Normal",IF(C44<=6.4,"Prediabetes","Diabetes")) -> Diabetes | P44: No major surgery | Q44: 0 | Y44: Id37 | Z44: No | AA44: yes | AB44: =PROPER(Z44) -> No | AC44: =PROPER(AA44) -> Yes | AG44: Id31 | AH44: 43.89 | AI44: =IF(AH44<18.5,"Under Weight",IF(AH44<=24.9,"Normal Weight",IF(AH44<=29.9,"Over Weight","Obesity"))) -> Obesity | AP44: Id31 | AQ44: 8.71 | AR44: =IF(AQ44<5.7,"Normal",IF(AQ44<=6.5,"Prediabetes","Diabetes")) -> Diabetes
A45: Id44 | B45: 34.21 | C45: 8.34 | D45: No | E45: No | F45: No | G45: No major surgery | H45: 0 | I45: yes | J45: yes | K45: =IF(B45<18.5,"Under Weight",IF(B45<=24.9,"Normal Weight",IF(B45<=29.9,"Over Weight","Obesity"))) -> Obesity | L45: =IF(C45<5.7,"Normal",IF(C45<=6.4,"Prediabetes","Diabetes")) -> Diabetes | P45: No major surgery | Q45: 0 | Y45: Id38 | Z45: No | AA45: yes | AB45: =PROPER(Z45) -> No | AC45: =PROPER(AA45) -> Yes | AG45: Id32 | AH45: 42.35 | AI45: =IF(AH45<18.5,"Under Weight",IF(AH45<=24.9,"Normal Weight",IF(AH45<=29.9,"Over Weight","Obesity"))) -> Obesity | AP45: Id32 | AQ45: 5.08 | AR45: =IF(AQ45<5.7,"Normal",IF(AQ45<=6.5,"Prediabetes","Diabetes")) -> Normal
A46: Id45 | B46: 38.94 | C46: 8.49 | D46: yes | E46: No | F46: No | G46: 1 | H46: 1 | I46: yes | J46: yes | K46: =IF(B46<18.5,"Under Weight",IF(B46<=24.9,"Normal Weight",IF(B46<=29.9,"Over Weight","Obesity"))) -> Obesity | L46: =IF(C46<5.7,"Normal",IF(C46<=6.4,"Prediabetes","Diabetes")) -> Diabetes | P46: No major surgery | Q46: 0 | Y46: Id39 | Z46: No | AA46: yes | AB46: =PROPER(Z46) -> No | AC46: =PROPER(AA46) -> Yes | AG46: Id33 | AH46: 31.35 | AI46: =IF(AH46<18.5,"Under Weight",IF(AH46<=24.9,"Normal Weight",IF(AH46<=29.9,"Over Weight","Obesity"))) -> Obesity | AP46: Id33 | AQ46: 6.86 | AR46: =IF(AQ46<5.7,"Normal",IF(AQ46<=6.5,"Prediabetes","Diabetes")) -> Diabetes
A47: Id46 | B47: 30.21 | C47: 5.34 | D47: yes | E47: No | F47: No | G47: 1 | H47: 1 | I47: yes | J47: yes | K47: =IF(B47<18.5,"Under Weight",IF(B47<=24.9,"Normal Weight",IF(B47<=29.9,"Over Weight","Obesity"))) -> Obesity | L47: =IF(C47<5.7,"Normal",IF(C47<=6.4,"Prediabetes","Diabetes")) -> Normal | P47: 1 | Q47: 1 | Y47: Id40 | Z47: No | AA47: yes | AB47: =PROPER(Z47) -> No | AC47: =PROPER(AA47) -> Yes | AG47: Id34 | AH47: 47.6 | AI47: =IF(AH47<18.5,"Under Weight",IF(AH47<=24.9,"Normal Weight",IF(AH47<=29.9,"Over Weight","Obesity"))) -> Obesity | AP47: Id34 | AQ47: 5.95 | AR47: =IF(AQ47<5.7,"Normal",IF(AQ47<=6.5,"Prediabetes","Diabetes")) -> Prediabetes
A48: Id47 | B48: 33.63 | C48: 4.43 | D48: yes | E48: No | F48: No | G48: 2 | H48: 2 | I48: yes | J48: yes | K48: =IF(B48<18.5,"Under Weight",IF(B48<=24.9,"Normal Weight",IF(B48<=29.9,"Over Weight","Obesity"))) -> Obesity | L48: =IF(C48<5.7,"Normal",IF(C48<=6.4,"Prediabetes","Diabetes")) -> Normal | P48: No major surgery | Q48: 0 | Y48: Id41 | Z48: No | AA48: yes | AB48: =PROPER(Z48) -> No | AC48: =PROPER(AA48) -> Yes | AG48: Id35 | AH48: 46.2 | AI48: =IF(AH48<18.5,"Under Weight",IF(AH48<=24.9,"Normal Weight",IF(AH48<=29.9,"Over Weight","Obesity"))) -> Obesity | AP48: Id35 | AQ48: 6.09 | AR48: =IF(AQ48<5.7,"Normal",IF(AQ48<=6.5,"Prediabetes","Diabetes")) -> Prediabetes
A49: Id48 | B49: 40.37 | C49: 4.47 | D49: No | E49: No | F49: No | G49: No major surgery | H49: 0 | I49: yes | J49: yes | K49: =IF(B49<18.5,"Under Weight",IF(B49<=24.9,"Normal Weight",IF(B49<=29.9,"Over Weight","Obesity"))) -> Obesity | L49: =IF(C49<5.7,"Normal",IF(C49<=6.4,"Prediabetes","Diabetes")) -> Normal | P49: No major surgery | Q49: 0 | Y49: Id42 | Z49: yes | AA49: yes | AB49: =PROPER(Z49) -> Yes | AC49: =PROPER(AA49) -> Yes | AG49: Id36 | AH49: 32.015 | AI49: =IF(AH49<18.5,"Under Weight",IF(AH49<=24.9,"Normal Weight",IF(AH49<=29.9,"Over Weight","Obesity"))) -> Obesity | AP49: Id36 | AQ49: 11.75 | AR49: =IF(AQ49<5.7,"Normal",IF(AQ49<=6.5,"Prediabetes","Diabetes")) -> Diabetes
A50: Id49 | B50: 53.09 | C50: 4.82 | D50: yes | E50: No | F50: No | G50: 2 | H50: 2 | I50: yes | J50: yes | K50: =IF(B50<18.5,"Under Weight",IF(B50<=24.9,"Normal Weight",IF(B50<=29.9,"Over Weight","Obesity"))) -> Obesity | L50: =IF(C50<5.7,"Normal",IF(C50<=6.4,"Prediabetes","Diabetes")) -> Normal | P50: No major surgery | Q50: 0 | Y50: Id43 | Z50: No | AA50: yes | AB50: =PROPER(Z50) -> No | AC50: =PROPER(AA50) -> Yes | AG50: Id37 | AH50: 40.565 | AI50: =IF(AH50<18.5,"Under Weight",IF(AH50<=24.9,"Normal Weight",IF(AH50<=29.9,"Over Weight","Obesity"))) -> Obesity | AP50: Id37 | AQ50: 7.37 | AR50: =IF(AQ50<5.7,"Normal",IF(AQ50<=6.5,"Prediabetes","Diabetes")) -> Diabetes
A51: Id50 | B51: 31.79 | C51: 5.51 | D51: yes | E51: No | F51: No | G51: 2 | H51: 2 | I51: yes | J51: yes | K51: =IF(B51<18.5,"Under Weight",IF(B51<=24.9,"Normal Weight",IF(B51<=29.9,"Over Weight","Obesity"))) -> Obesity | L51: =IF(C51<5.7,"Normal",IF(C51<=6.4,"Prediabetes","Diabetes")) -> Normal | P51: No major surgery | Q51: 0 | Y51: Id44 | Z51: No | AA51: yes | AB51: =PROPER(Z51) -> No | AC51: =PROPER(AA51) -> Yes | AG51: Id38 | AH51: 32.45 | AI51: =IF(AH51<18.5,"Under Weight",IF(AH51<=24.9,"Normal Weight",IF(AH51<=29.9,"Over Weight","Obesity"))) -> Obesity | AP51: Id38 | AQ51: 11.91 | AR51: =IF(AQ51<5.7,"Normal",IF(AQ51<=6.5,"Prediabetes","Diabetes")) -> Diabetes
A52: Id51 | B52: 41.895 | C52: 10.87 | D52: yes | E52: No | F52: No | G52: 1 | H52: 1 | I52: yes | J52: yes | K52: =IF(B52<18.5,"Under Weight",IF(B52<=24.9,"Normal Weight",IF(B52<=29.9,"Over Weight","Obesity"))) -> Obesity | L52: =IF(C52<5.7,"Normal",IF(C52<=6.4,"Prediabetes","Diabetes")) -> Diabetes | P52: 1 | Q52: 1 | Y52: Id45 | Z52: yes | AA52: yes | AB52: =PROPER(Z52) -> Yes | AC52: =PROPER(AA52) -> Yes | AG52: Id39 | AH52: 34.96 | AI52: =IF(AH52<18.5,"Under Weight",IF(AH52<=24.9,"Normal Weight",IF(AH52<=29.9,"Over Weight","Obesity"))) -> Obesity | AP52: Id39 | AQ52: 6.52 | AR52: =IF(AQ52<5.7,"Normal",IF(AQ52<=6.5,"Prediabetes","Diabetes")) -> Diabetes
A53: Id52 | B53: 31.16 | C53: 9.34 | D53: No | E53: No | F53: No | G53: No major surgery | H53: 0 | I53: yes | J53: yes | K53: =IF(B53<18.5,"Under Weight",IF(B53<=24.9,"Normal Weight",IF(B53<=29.9,"Over Weight","Obesity"))) -> Obesity | L53: =IF(C53<5.7,"Normal",IF(C53<=6.4,"Prediabetes","Diabetes")) -> Diabetes | P53: 1 | Q53: 1 | Y53: Id46 | Z53: yes | AA53: yes | AB53: =PROPER(Z53) -> Yes | AC53: =PROPER(AA53) -> Yes | AG53: Id40 | AH53: 35.5 | AI53: =IF(AH53<18.5,"Under Weight",IF(AH53<=24.9,"Normal Weight",IF(AH53<=29.9,"Over Weight","Obesity"))) -> Obesity | AP53: Id40 | AQ53: 5.14 | AR53: =IF(AQ53<5.7,"Normal",IF(AQ53<=6.5,"Prediabetes","Diabetes")) -> Normal
A54: Id53 | B54: 34.105 | C54: 5.03 | D54: yes | E54: No | F54: Yes | G54: 1 | H54: 1 | I54: yes | J54: yes | K54: =IF(B54<18.5,"Under Weight",IF(B54<=24.9,"Normal Weight",IF(B54<=29.9,"Over Weight","Obesity"))) -> Obesity | L54: =IF(C54<5.7,"Normal",IF(C54<=6.4,"Prediabetes","Diabetes")) -> Normal | P54: No major surgery | Q54: 0 | Y54: Id47 | Z54: yes | AA54: yes | AB54: =PROPER(Z54) -> Yes | AC54: =PROPER(AA54) -> Yes | AG54: Id41 | AH54: 52.58 | AI54: =IF(AH54<18.5,"Under Weight",IF(AH54<=24.9,"Normal Weight",IF(AH54<=29.9,"Over Weight","Obesity"))) -> Obesity | AP54: Id41 | AQ54: 4.19 | AR54: =IF(AQ54<5.7,"Normal",IF(AQ54<=6.5,"Prediabetes","Diabetes")) -> Normal
A55: Id54 | B55: 51.93 | C55: 11.05 | D55: No | E55: No | F55: No | G55: No major surgery | H55: 0 | I55: yes | J55: yes | K55: =IF(B55<18.5,"Under Weight",IF(B55<=24.9,"Normal Weight",IF(B55<=29.9,"Over Weight","Obesity"))) -> Obesity | L55: =IF(C55<5.7,"Normal",IF(C55<=6.4,"Prediabetes","Diabetes")) -> Diabetes | P55: No major surgery | Q55: 0 | Y55: Id48 | Z55: No | AA55: yes | AB55: =PROPER(Z55) -> No | AC55: =PROPER(AA55) -> Yes | AG55: Id42 | AH55: 35.2 | AI55: =IF(AH55<18.5,"Under Weight",IF(AH55<=24.9,"Normal Weight",IF(AH55<=29.9,"Over Weight","Obesity"))) -> Obesity | AP55: Id42 | AQ55: 11.68 | AR55: =IF(AQ55<5.7,"Normal",IF(AQ55<=6.5,"Prediabetes","Diabetes")) -> Diabetes
A56: Id55 | B56: 38.95 | C56: 11.95 | D56: No | E56: No | F56: No | G56: No major surgery | H56: 0 | I56: yes | J56: yes | K56: =IF(B56<18.5,"Under Weight",IF(B56<=24.9,"Normal Weight",IF(B56<=29.9,"Over Weight","Obesity"))) -> Obesity | L56: =IF(C56<5.7,"Normal",IF(C56<=6.4,"Prediabetes","Diabetes")) -> Diabetes | P56: No major surgery | Q56: 0 | Y56: Id49 | Z56: yes | AA56: yes | AB56: =PROPER(Z56) -> Yes | AC56: =PROPER(AA56) -> Yes | AG56: Id43 | AH56: 38.06 | AI56: =IF(AH56<18.5,"Under Weight",IF(AH56<=24.9,"Normal Weight",IF(AH56<=29.9,"Over Weight","Obesity"))) -> Obesity | AP56: Id43 | AQ56: 6.98 | AR56: =IF(AQ56<5.7,"Normal",IF(AQ56<=6.5,"Prediabetes","Diabetes")) -> Diabetes
A57: Id56 | B57: 36.63 | C57: 7.72 | D57: yes | E57: No | F57: No | G57: 1 | H57: 1 | I57: yes | J57: yes | K57: =IF(B57<18.5,"Under Weight",IF(B57<=24.9,"Normal Weight",IF(B57<=29.9,"Over Weight","Obesity"))) -> Obesity | L57: =IF(C57<5.7,"Normal",IF(C57<=6.4,"Prediabetes","Diabetes")) -> Diabetes | P57: 1 | Q57: 1 | Y57: Id50 | Z57: yes | AA57: yes | AB57: =PROPER(Z57) -> Yes | AC57: =PROPER(AA57) -> Yes | AG57: Id44 | AH57: 34.21 | AI57: =IF(AH57<18.5,"Under Weight",IF(AH57<=24.9,"Normal Weight",IF(AH57<=29.9,"Over Weight","Obesity"))) -> Obesity | AP57: Id44 | AQ57: 8.34 | AR57: =IF(AQ57<5.7,"Normal",IF(AQ57<=6.5,"Prediabetes","Diabetes")) -> Diabetes
A58: Id57 | B58: 34.2 | C58: 5.75 | D58: No | E58: No | F58: No | G58: 2 | H58: 2 | I58: yes | J58: yes | K58: =IF(B58<18.5,"Under Weight",IF(B58<=24.9,"Normal Weight",IF(B58<=29.9,"Over Weight","Obesity"))) -> Obesity | L58: =IF(C58<5.7,"Normal",IF(C58<=6.4,"Prediabetes","Diabetes")) -> Prediabetes | P58: 1 | Q58: 1 | Y58: Id51 | Z58: yes | AA58: yes | AB58: =PROPER(Z58) -> Yes | AC58: =PROPER(AA58) -> Yes | AG58: Id45 | AH58: 38.94 | AI58: =IF(AH58<18.5,"Under Weight",IF(AH58<=24.9,"Normal Weight",IF(AH58<=29.9,"Over Weight","Obesity"))) -> Obesity | AP58: Id45 | AQ58: 8.49 | AR58: =IF(AQ58<5.7,"Normal",IF(AQ58<=6.5,"Prediabetes","Diabetes")) -> Diabetes
A59: Id58 | B59: 50.63 | C59: 11.89 | D59: No | E59: No | F59: No | G59: No major surgery | H59: 0 | I59: yes | J59: yes | K59: =IF(B59<18.5,"Under Weight",IF(B59<=24.9,"Normal Weight",IF(B59<=29.9,"Over Weight","Obesity"))) -> Obesity | L59: =IF(C59<5.7,"Normal",IF(C59<=6.4,"Prediabetes","Diabetes")) -> Diabetes | P59: 2 | Q59: 2 | Y59: Id52 | Z59: No | AA59: yes | AB59: =PROPER(Z59) -> No | AC59: =PROPER(AA59) -> Yes | AG59: Id46 | AH59: 30.21 | AI59: =IF(AH59<18.5,"Under Weight",IF(AH59<=24.9,"Normal Weight",IF(AH59<=29.9,"Over Weight","Obesity"))) -> Obesity | AP59: Id46 | AQ59: 5.34 | AR59: =IF(AQ59<5.7,"Normal",IF(AQ59<=6.5,"Prediabetes","Diabetes")) -> Normal
A60: Id59 | B60: 36.48 | C60: 6.2 | D60: No | E60: No | F60: No | G60: No major surgery | H60: 0 | I60: yes | J60: yes | K60: =IF(B60<18.5,"Under Weight",IF(B60<=24.9,"Normal Weight",IF(B60<=29.9,"Over Weight","Obesity"))) -> Obesity | L60: =IF(C60<5.7,"Normal",IF(C60<=6.4,"Prediabetes","Diabetes")) -> Prediabetes | P60: No major surgery | Q60: 0 | Y60: Id53 | Z60: yes | AA60: yes | AB60: =PROPER(Z60) -> Yes | AC60: =PROPER(AA60) -> Yes | AG60: Id47 | AH60: 33.63 | AI60: =IF(AH60<18.5,"Under Weight",IF(AH60<=24.9,"Normal Weight",IF(AH60<=29.9,"Over Weight","Obesity"))) -> Obesity | AP60: Id47 | AQ60: 4.43 | AR60: =IF(AQ60<5.7,"Normal",IF(AQ60<=6.5,"Prediabetes","Diabetes")) -> Normal
A61: Id60 | B61: 54.82 | C61: 10.61 | D61: No | E61: No | F61: No | G61: No major surgery | H61: 0 | I61: yes | J61: yes | K61: =IF(B61<18.5,"Under Weight",IF(B61<=24.9,"Normal Weight",IF(B61<=29.9,"Over Weight","Obesity"))) -> Obesity | L61: =IF(C61<5.7,"Normal",IF(C61<=6.4,"Prediabetes","Diabetes")) -> Diabetes | P61: 2 | Q61: 2 | Y61: Id54 | Z61: No | AA61: yes | AB61: =PROPER(Z61) -> No | AC61: =PROPER(AA61) -> Yes | AG61: Id48 | AH61: 40.37 | AI61: =IF(AH61<18.5,"Under Weight",IF(AH61<=24.9,"Normal Weight",IF(AH61<=29.9,"Over Weight","Obesity"))) -> Obesity | AP61: Id48 | AQ61: 4.47 | AR61: =IF(AQ61<5.7,"Normal",IF(AQ61<=6.5,"Prediabetes","Diabetes")) -> Normal
A62: Id61 | B62: 38.06 | C62: 6.04 | D62: No | E62: No | F62: Yes | G62: 1 | H62: 1 | I62: yes | J62: yes | K62: =IF(B62<18.5,"Under Weight",IF(B62<=24.9,"Normal Weight",IF(B62<=29.9,"Over Weight","Obesity"))) -> Obesity | L62: =IF(C62<5.7,"Normal",IF(C62<=6.4,"Prediabetes","Diabetes")) -> Prediabetes | P62: 2 | Q62: 2 | Y62: Id55 | Z62: No | AA62: yes | AB62: =PROPER(Z62) -> No | AC62: =PROPER(AA62) -> Yes | AG62: Id49 | AH62: 53.09 | AI62: =IF(AH62<18.5,"Under Weight",IF(AH62<=24.9,"Normal Weight",IF(AH62<=29.9,"Over Weight","Obesity"))) -> Obesity | AP62: Id49 | AQ62: 4.82 | AR62: =IF(AQ62<5.7,"Normal",IF(AQ62<=6.5,"Prediabetes","Diabetes")) -> Normal
A63: Id62 | B63: 51.48 | C63: 9.33 | D63: yes | E63: No | F63: No | G63: No major surgery | H63: 0 | I63: yes | J63: yes | K63: =IF(B63<18.5,"Under Weight",IF(B63<=24.9,"Normal Weight",IF(B63<=29.9,"Over Weight","Obesity"))) -> Obesity | L63: =IF(C63<5.7,"Normal",IF(C63<=6.4,"Prediabetes","Diabetes")) -> Diabetes | P63: 1 | Q63: 1 | Y63: Id56 | Z63: yes | AA63: yes | AB63: =PROPER(Z63) -> Yes | AC63: =PROPER(AA63) -> Yes | AG63: Id50 | AH63: 31.79 | AI63: =IF(AH63<18.5,"Under Weight",IF(AH63<=24.9,"Normal Weight",IF(AH63<=29.9,"Over Weight","Obesity"))) -> Obesity | AP63: Id50 | AQ63: 5.51 | AR63: =IF(AQ63<5.7,"Normal",IF(AQ63<=6.5,"Prediabetes","Diabetes")) -> Normal
A64: Id63 | B64: 52.06 | C64: 11.47 | D64: No | E64: No | F64: No | G64: No major surgery | H64: 0 | I64: yes | J64: yes | K64: =IF(B64<18.5,"Under Weight",IF(B64<=24.9,"Normal Weight",IF(B64<=29.9,"Over Weight","Obesity"))) -> Obesity | L64: =IF(C64<5.7,"Normal",IF(C64<=6.4,"Prediabetes","Diabetes")) -> Diabetes | P64: No major surgery | Q64: 0 | Y64: Id57 | Z64: No | AA64: yes | AB64: =PROPER(Z64) -> No | AC64: =PROPER(AA64) -> Yes | AG64: Id51 | AH64: 41.895 | AI64: =IF(AH64<18.5,"Under Weight",IF(AH64<=24.9,"Normal Weight",IF(AH64<=29.9,"Over Weight","Obesity"))) -> Obesity | AP64: Id51 | AQ64: 10.87 | AR64: =IF(AQ64<5.7,"Normal",IF(AQ64<=6.5,"Prediabetes","Diabetes")) -> Diabetes
A65: Id64 | B65: 30.685 | C65: 7.02 | D65: yes | E65: No | F65: No | G65: No major surgery | H65: 0 | I65: yes | J65: yes | K65: =IF(B65<18.5,"Under Weight",IF(B65<=24.9,"Normal Weight",IF(B65<=29.9,"Over Weight","Obesity"))) -> Obesity | L65: =IF(C65<5.7,"Normal",IF(C65<=6.4,"Prediabetes","Diabetes")) -> Diabetes | P65: 1 | Q65: 1 | Y65: Id58 | Z65: No | AA65: yes | AB65: =PROPER(Z65) -> No | AC65: =PROPER(AA65) -> Yes | AG65: Id52 | AH65: 31.16 | AI65: =IF(AH65<18.5,"Under Weight",IF(AH65<=24.9,"Normal Weight",IF(AH65<=29.9,"Over Weight","Obesity"))) -> Obesity | AP65: Id52 | AQ65: 9.34 | AR65: =IF(AQ65<5.7,"Normal",IF(AQ65<=6.5,"Prediabetes","Diabetes")) -> Diabetes
A66: Id65 | B66: 36.08 | C66: 8.8 | D66: yes | E66: No | F66: No | G66: 1 | H66: 1 | I66: yes | J66: yes | K66: =IF(B66<18.5,"Under Weight",IF(B66<=24.9,"Normal Weight",IF(B66<=29.9,"Over Weight","Obesity"))) -> Obesity | L66: =IF(C66<5.7,"Normal",IF(C66<=6.4,"Prediabetes","Diabetes")) -> Diabetes | P66: No major surgery | Q66: 0 | Y66: Id59 | Z66: No | AA66: yes | AB66: =PROPER(Z66) -> No | AC66: =PROPER(AA66) -> Yes | AG66: Id53 | AH66: 34.105 | AI66: =IF(AH66<18.5,"Under Weight",IF(AH66<=24.9,"Normal Weight",IF(AH66<=29.9,"Over Weight","Obesity"))) -> Obesity | AP66: Id53 | AQ66: 5.03 | AR66: =IF(AQ66<5.7,"Normal",IF(AQ66<=6.5,"Prediabetes","Diabetes")) -> Normal
A67: Id66 | B67: 54.99 | C67: 8.68 | D67: No | E67: No | F67: No | G67: 2 | H67: 2 | I67: yes | J67: yes | K67: =IF(B67<18.5,"Under Weight",IF(B67<=24.9,"Normal Weight",IF(B67<=29.9,"Over Weight","Obesity"))) -> Obesity | L67: =IF(C67<5.7,"Normal",IF(C67<=6.4,"Prediabetes","Diabetes")) -> Diabetes | P67: No major surgery | Q67: 0 | Y67: Id60 | Z67: No | AA67: yes | AB67: =PROPER(Z67) -> No | AC67: =PROPER(AA67) -> Yes | AG67: Id54 | AH67: 51.93 | AI67: =IF(AH67<18.5,"Under Weight",IF(AH67<=24.9,"Normal Weight",IF(AH67<=29.9,"Over Weight","Obesity"))) -> Obesity | AP67: Id54 | AQ67: 11.05 | AR67: =IF(AQ67<5.7,"Normal",IF(AQ67<=6.5,"Prediabetes","Diabetes")) -> Diabetes
A68: Id67 | B68: 35.97 | C68: 6.12 | D68: No | E68: No | F68: Yes | G68: 1 | H68: 1 | I68: yes | J68: yes | K68: =IF(B68<18.5,"Under Weight",IF(B68<=24.9,"Normal Weight",IF(B68<=29.9,"Over Weight","Obesity"))) -> Obesity | L68: =IF(C68<5.7,"Normal",IF(C68<=6.4,"Prediabetes","Diabetes")) -> Prediabetes | P68: 1 | Q68: 1 | Y68: Id61 | Z68: No | AA68: yes | AB68: =PROPER(Z68) -> No | AC68: =PROPER(AA68) -> Yes | AG68: Id55 | AH68: 38.95 | AI68: =IF(AH68<18.5,"Under Weight",IF(AH68<=24.9,"Normal Weight",IF(AH68<=29.9,"Over Weight","Obesity"))) -> Obesity | AP68: Id55 | AQ68: 11.95 | AR68: =IF(AQ68<5.7,"Normal",IF(AQ68<=6.5,"Prediabetes","Diabetes")) -> Diabetes
A69: Id68 | B69: 45.54 | C69: 5.4 | D69: yes | E69: No | F69: Yes | G69: 1 | H69: 1 | I69: yes | J69: yes | K69: =IF(B69<18.5,"Under Weight",IF(B69<=24.9,"Normal Weight",IF(B69<=29.9,"Over Weight","Obesity"))) -> Obesity | L69: =IF(C69<5.7,"Normal",IF(C69<=6.4,"Prediabetes","Diabetes")) -> Normal | P69: 2 | Q69: 2 | Y69: Id62 | Z69: yes | AA69: yes | AB69: =PROPER(Z69) -> Yes | AC69: =PROPER(AA69) -> Yes | AG69: Id56 | AH69: 36.63 | AI69: =IF(AH69<18.5,"Under Weight",IF(AH69<=24.9,"Normal Weight",IF(AH69<=29.9,"Over Weight","Obesity"))) -> Obesity | AP69: Id56 | AQ69: 7.72 | AR69: =IF(AQ69<5.7,"Normal",IF(AQ69<=6.5,"Prediabetes","Diabetes")) -> Diabetes
A70: Id69 | B70: 35.53 | C70: 4.36 | D70: yes | E70: No | F70: No | G70: No major surgery | H70: 0 | I70: yes | J70: yes | K70: =IF(B70<18.5,"Under Weight",IF(B70<=24.9,"Normal Weight",IF(B70<=29.9,"Over Weight","Obesity"))) -> Obesity | L70: =IF(C70<5.7,"Normal",IF(C70<=6.4,"Prediabetes","Diabetes")) -> Normal | P70: No major surgery | Q70: 0 | Y70: Id63 | Z70: No | AA70: yes | AB70: =PROPER(Z70) -> No | AC70: =PROPER(AA70) -> Yes | AG70: Id57 | AH70: 34.2 | AI70: =IF(AH70<18.5,"Under Weight",IF(AH70<=24.9,"Normal Weight",IF(AH70<=29.9,"Over Weight","Obesity"))) -> Obesity | AP70: Id57 | AQ70: 5.75 | AR70: =IF(AQ70<5.7,"Normal",IF(AQ70<=6.5,"Prediabetes","Diabetes")) -> Prediabetes
A71: Id70 | B71: 30.8 | C71: 9.77 | D71: No | E71: No | F71: No | G71: No major surgery | H71: 0 | I71: yes | J71: yes | K71: =IF(B71<18.5,"Under Weight",IF(B71<=24.9,"Normal Weight",IF(B71<=29.9,"Over Weight","Obesity"))) -> Obesity | L71: =IF(C71<5.7,"Normal",IF(C71<=6.4,"Prediabetes","Diabetes")) -> Diabetes | P71: No major surgery | Q71: 0 | Y71: Id64 | Z71: yes | AA71: yes | AB71: =PROPER(Z71) -> Yes | AC71: =PROPER(AA71) -> Yes | AG71: Id58 | AH71: 50.63 | AI71: =IF(AH71<18.5,"Under Weight",IF(AH71<=24.9,"Normal Weight",IF(AH71<=29.9,"Over Weight","Obesity"))) -> Obesity | AP71: Id58 | AQ71: 11.89 | AR71: =IF(AQ71<5.7,"Normal",IF(AQ71<=6.5,"Prediabetes","Diabetes")) -> Diabetes
A72: Id71 | B72: 38.39 | C72: 4.25 | D72: No | E72: No | F72: No | G72: 1 | H72: 1 | I72: yes | J72: yes | K72: =IF(B72<18.5,"Under Weight",IF(B72<=24.9,"Normal Weight",IF(B72<=29.9,"Over Weight","Obesity"))) -> Obesity | L72: =IF(C72<5.7,"Normal",IF(C72<=6.4,"Prediabetes","Diabetes")) -> Normal | P72: No major surgery | Q72: 0 | Y72: Id65 | Z72: yes | AA72: yes | AB72: =PROPER(Z72) -> Yes | AC72: =PROPER(AA72) -> Yes | AG72: Id59 | AH72: 36.48 | AI72: =IF(AH72<18.5,"Under Weight",IF(AH72<=24.9,"Normal Weight",IF(AH72<=29.9,"Over Weight","Obesity"))) -> Obesity | AP72: Id59 | AQ72: 6.2 | AR72: =IF(AQ72<5.7,"Normal",IF(AQ72<=6.5,"Prediabetes","Diabetes")) -> Prediabetes
A73: Id72 | B73: 32.3 | C73: 4.76 | D73: No | E73: No | F73: No | G73: 2 | H73: 2 | I73: yes | J73: yes | K73: =IF(B73<18.5,"Under Weight",IF(B73<=24.9,"Normal Weight",IF(B73<=29.9,"Over Weight","Obesity"))) -> Obesity | L73: =IF(C73<5.7,"Normal",IF(C73<=6.4,"Prediabetes","Diabetes")) -> Normal | P73: 1 | Q73: 1 | Y73: Id66 | Z73: No | AA73: yes | AB73: =PROPER(Z73) -> No | AC73: =PROPER(AA73) -> Yes | AG73: Id60 | AH73: 54.82 | AI73: =IF(AH73<18.5,"Under Weight",IF(AH73<=24.9,"Normal Weight",IF(AH73<=29.9,"Over Weight","Obesity"))) -> Obesity | AP73: Id60 | AQ73: 10.61 | AR73: =IF(AQ73<5.7,"Normal",IF(AQ73<=6.5,"Prediabetes","Diabetes")) -> Diabetes
A74: Id73 | B74: 48.8 | C74: 6.22 | D74: yes | E74: No | F74: No | G74: 2 | H74: 2 | I74: yes | J74: yes | K74: =IF(B74<18.5,"Under Weight",IF(B74<=24.9,"Normal Weight",IF(B74<=29.9,"Over Weight","Obesity"))) -> Obesity | L74: =IF(C74<5.7,"Normal",IF(C74<=6.4,"Prediabetes","Diabetes")) -> Prediabetes | P74: No major surgery | Q74: 0 | Y74: Id67 | Z74: No | AA74: yes | AB74: =PROPER(Z74) -> No | AC74: =PROPER(AA74) -> Yes | AG74: Id61 | AH74: 38.06 | AI74: =IF(AH74<18.5,"Under Weight",IF(AH74<=24.9,"Normal Weight",IF(AH74<=29.9,"Over Weight","Obesity"))) -> Obesity | AP74: Id61 | AQ74: 6.04 | AR74: =IF(AQ74<5.7,"Normal",IF(AQ74<=6.5,"Prediabetes","Diabetes")) -> Prediabetes
A75: Id74 | B75: 45.5 | C75: 7.96 | D75: No | E75: No | F75: No | G75: No major surgery | H75: 0 | I75: yes | J75: yes | K75: =IF(B75<18.5,"Under Weight",IF(B75<=24.9,"Normal Weight",IF(B75<=29.9,"Over Weight","Obesity"))) -> Obesity | L75: =IF(C75<5.7,"Normal",IF(C75<=6.4,"Prediabetes","Diabetes")) -> Diabetes | P75: No major surgery | Q75: 0 | Y75: Id68 | Z75: yes | AA75: yes | AB75: =PROPER(Z75) -> Yes | AC75: =PROPER(AA75) -> Yes | AG75: Id62 | AH75: 51.48 | AI75: =IF(AH75<18.5,"Under Weight",IF(AH75<=24.9,"Normal Weight",IF(AH75<=29.9,"Over Weight","Obesity"))) -> Obesity | AP75: Id62 | AQ75: 9.33 | AR75: =IF(AQ75<5.7,"Normal",IF(AQ75<=6.5,"Prediabetes","Diabetes")) -> Diabetes
A76: Id75 | B76: 53.61 | C76: 10.92 | D76: yes | E76: No | F76: No | G76: 1 | H76: 1 | I76: yes | J76: yes | K76: =IF(B76<18.5,"Under Weight",IF(B76<=24.9,"Normal Weight",IF(B76<=29.9,"Over Weight","Obesity"))) -> Obesity | L76: =IF(C76<5.7,"Normal",IF(C76<=6.4,"Prediabetes","Diabetes")) -> Diabetes | P76: No major surgery | Q76: 0 | Y76: Id69 | Z76: yes | AA76: yes | AB76: =PROPER(Z76) -> Yes | AC76: =PROPER(AA76) -> Yes | AG76: Id63 | AH76: 52.06 | AI76: =IF(AH76<18.5,"Under Weight",IF(AH76<=24.9,"Normal Weight",IF(AH76<=29.9,"Over Weight","Obesity"))) -> Obesity | AP76: Id63 | AQ76: 11.47 | AR76: =IF(AQ76<5.7,"Normal",IF(AQ76<=6.5,"Prediabetes","Diabetes")) -> Diabetes
A77: Id76 | B77: 36.19 | C77: 11.51 | D77: yes | E77: No | F77: No | G77: 1 | H77: 1 | I77: yes | J77: yes | K77: =IF(B77<18.5,"Under Weight",IF(B77<=24.9,"Normal Weight",IF(B77<=29.9,"Over Weight","Obesity"))) -> Obesity | L77: =IF(C77<5.7,"Normal",IF(C77<=6.4,"Prediabetes","Diabetes")) -> Diabetes | P77: 1 | Q77: 1 | Y77: Id70 | Z77: No | AA77: yes | AB77: =PROPER(Z77) -> No | AC77: =PROPER(AA77) -> Yes | AG77: Id64 | AH77: 30.685 | AI77: =IF(AH77<18.5,"Under Weight",IF(AH77<=24.9,"Normal Weight",IF(AH77<=29.9,"Over Weight","Obesity"))) -> Obesity | AP77: Id64 | AQ77: 7.02 | AR77: =IF(AQ77<5.7,"Normal",IF(AQ77<=6.5,"Prediabetes","Diabetes")) -> Diabetes
A78: Id77 | B78: 34.6 | C78: 5.99 | D78: yes | E78: No | F78: No | G78: No major surgery | H78: 0 | I78: yes | J78: yes | K78: =IF(B78<18.5,"Under Weight",IF(B78<=24.9,"Normal Weight",IF(B78<=29.9,"Over Weight","Obesity"))) -> Obesity | L78: =IF(C78<5.7,"Normal",IF(C78<=6.4,"Prediabetes","Diabetes")) -> Prediabetes | P78: 2 | Q78: 2 | Y78: Id71 | Z78: No | AA78: yes | AB78: =PROPER(Z78) -> No | AC78: =PROPER(AA78) -> Yes | AG78: Id65 | AH78: 36.08 | AI78: =IF(AH78<18.5,"Under Weight",IF(AH78<=24.9,"Normal Weight",IF(AH78<=29.9,"Over Weight","Obesity"))) -> Obesity | AP78: Id65 | AQ78: 8.8 | AR78: =IF(AQ78<5.7,"Normal",IF(AQ78<=6.5,"Prediabetes","Diabetes")) -> Diabetes
A79: Id78 | B79: 54.12 | C79: 11.57 | D79: No | E79: No | F79: No | G79: No major surgery | H79: 0 | I79: yes | J79: yes | K79: =IF(B79<18.5,"Under Weight",IF(B79<=24.9,"Normal Weight",IF(B79<=29.9,"Over Weight","Obesity"))) -> Obesity | L79: =IF(C79<5.7,"Normal",IF(C79<=6.4,"Prediabetes","Diabetes")) -> Diabetes | P79: 1 | Q79: 1 | Y79: Id72 | Z79: No | AA79: yes | AB79: =PROPER(Z79) -> No | AC79: =PROPER(AA79) -> Yes | AG79: Id66 | AH79: 54.99 | AI79: =IF(AH79<18.5,"Under Weight",IF(AH79<=24.9,"Normal Weight",IF(AH79<=29.9,"Over Weight","Obesity"))) -> Obesity | AP79: Id66 | AQ79: 8.68 | AR79: =IF(AQ79<5.7,"Normal",IF(AQ79<=6.5,"Prediabetes","Diabetes")) -> Diabetes
A80: Id79 | B80: 48.82 | C80: 6.67 | D80: yes | E80: No | F80: No | G80: No major surgery | H80: 0 | I80: yes | J80: yes | K80: =IF(B80<18.5,"Under Weight",IF(B80<=24.9,"Normal Weight",IF(B80<=29.9,"Over Weight","Obesity"))) -> Obesity | L80: =IF(C80<5.7,"Normal",IF(C80<=6.4,"Prediabetes","Diabetes")) -> Diabetes | P80: 1 | Q80: 1 | Y80: Id73 | Z80: yes | AA80: yes | AB80: =PROPER(Z80) -> Yes | AC80: =PROPER(AA80) -> Yes | AG80: Id67 | AH80: 35.97 | AI80: =IF(AH80<18.5,"Under Weight",IF(AH80<=24.9,"Normal Weight",IF(AH80<=29.9,"Over Weight","Obesity"))) -> Obesity | AP80: Id67 | AQ80: 6.12 | AR80: =IF(AQ80<5.7,"Normal",IF(AQ80<=6.5,"Prediabetes","Diabetes")) -> Prediabetes
A81: Id80 | B81: 51.01 | C81: 9.2 | D81: No | E81: No | F81: No | G81: No major surgery | H81: 0 | I81: yes | J81: yes | K81: =IF(B81<18.5,"Under Weight",IF(B81<=24.9,"Normal Weight",IF(B81<=29.9,"Over Weight","Obesity"))) -> Obesity | L81: =IF(C81<5.7,"Normal",IF(C81<=6.4,"Prediabetes","Diabetes")) -> Diabetes | P81: No major surgery | Q81: 0 | Y81: Id74 | Z81: No | AA81: yes | AB81: =PROPER(Z81) -> No | AC81: =PROPER(AA81) -> Yes | AG81: Id68 | AH81: 45.54 | AI81: =IF(AH81<18.5,"Under Weight",IF(AH81<=24.9,"Normal Weight",IF(AH81<=29.9,"Over Weight","Obesity"))) -> Obesity | AP81: Id68 | AQ81: 5.4 | AR81: =IF(AQ81<5.7,"Normal",IF(AQ81<=6.5,"Prediabetes","Diabetes")) -> Normal
A82: Id81 | B82: 45.65 | C82: 5.11 | D82: yes | E82: No | F82: No | G82: 1 | H82: 1 | I82: yes | J82: yes | K82: =IF(B82<18.5,"Under Weight",IF(B82<=24.9,"Normal Weight",IF(B82<=29.9,"Over Weight","Obesity"))) -> Obesity | L82: =IF(C82<5.7,"Normal",IF(C82<=6.4,"Prediabetes","Diabetes")) -> Normal | P82: No major surgery | Q82: 0 | Y82: Id75 | Z82: yes | AA82: yes | AB82: =PROPER(Z82) -> Yes | AC82: =PROPER(AA82) -> Yes | AG82: Id69 | AH82: 35.53 | AI82: =IF(AH82<18.5,"Under Weight",IF(AH82<=24.9,"Normal Weight",IF(AH82<=29.9,"Over Weight","Obesity"))) -> Obesity | AP82: Id69 | AQ82: 4.36 | AR82: =IF(AQ82<5.7,"Normal",IF(AQ82<=6.5,"Prediabetes","Diabetes")) -> Normal
A83: Id82 | B83: 52.9 | C83: 5.34 | D83: No | E83: No | F83: No | G83: No major surgery | H83: 0 | I83: yes | J83: yes | K83: =IF(B83<18.5,"Under Weight",IF(B83<=24.9,"Normal Weight",IF(B83<=29.9,"Over Weight","Obesity"))) -> Obesity | L83: =IF(C83<5.7,"Normal",IF(C83<=6.4,"Prediabetes","Diabetes")) -> Normal | P83: 1 | Q83: 1 | Y83: Id76 | Z83: yes | AA83: yes | AB83: =PROPER(Z83) -> Yes | AC83: =PROPER(AA83) -> Yes | AG83: Id70 | AH83: 30.8 | AI83: =IF(AH83<18.5,"Under Weight",IF(AH83<=24.9,"Normal Weight",IF(AH83<=29.9,"Over Weight","Obesity"))) -> Obesity | AP83: Id70 | AQ83: 9.77 | AR83: =IF(AQ83<5.7,"Normal",IF(AQ83<=6.5,"Prediabetes","Diabetes")) -> Diabetes
A84: Id83 | B84: 45.41 | C84: 4.03 | D84: yes | E84: No | F84: No | G84: 1 | H84: 1 | I84: yes | J84: yes | K84: =IF(B84<18.5,"Under Weight",IF(B84<=24.9,"Normal Weight",IF(B84<=29.9,"Over Weight","Obesity"))) -> Obesity | L84: =IF(C84<5.7,"Normal",IF(C84<=6.4,"Prediabetes","Diabetes")) -> Normal | P84: 2 | Q84: 2 | Y84: Id77 | Z84: yes | AA84: yes | AB84: =PROPER(Z84) -> Yes | AC84: =PROPER(AA84) -> Yes | AG84: Id71 | AH84: 38.39 | AI84: =IF(AH84<18.5,"Under Weight",IF(AH84<=24.9,"Normal Weight",IF(AH84<=29.9,"Over Weight","Obesity"))) -> Obesity | AP84: Id71 | AQ84: 4.25 | AR84: =IF(AQ84<5.7,"Normal",IF(AQ84<=6.5,"Prediabetes","Diabetes")) -> Normal
A85: Id84 | B85: 49.41 | C85: 4.23 | D85: yes | E85: No | F85: Yes | G85: 1 | H85: 1 | I85: yes | J85: yes | K85: =IF(B85<18.5,"Under Weight",IF(B85<=24.9,"Normal Weight",IF(B85<=29.9,"Over Weight","Obesity"))) -> Obesity | L85: =IF(C85<5.7,"Normal",IF(C85<=6.4,"Prediabetes","Diabetes")) -> Normal | P85: 2 | Q85: 2 | Y85: Id78 | Z85: No | AA85: yes | AB85: =PROPER(Z85) -> No | AC85: =PROPER(AA85) -> Yes | AG85: Id72 | AH85: 32.3 | AI85: =IF(AH85<18.5,"Under Weight",IF(AH85<=24.9,"Normal Weight",IF(AH85<=29.9,"Over Weight","Obesity"))) -> Obesity | AP85: Id72 | AQ85: 4.76 | AR85: =IF(AQ85<5.7,"Normal",IF(AQ85<=6.5,"Prediabetes","Diabetes")) -> Normal
A86: Id85 | B86: 31.825 | C86: 4.06 | D86: No | E86: No | F86: No | G86: 2 | H86: 2 | I86: yes | J86: yes | K86: =IF(B86<18.5,"Under Weight",IF(B86<=24.9,"Normal Weight",IF(B86<=29.9,"Over Weight","Obesity"))) -> Obesity | L86: =IF(C86<5.7,"Normal",IF(C86<=6.4,"Prediabetes","Diabetes")) -> Normal | P86: No major surgery | Q86: 0 | Y86: Id79 | Z86: yes | AA86: yes | AB86: =PROPER(Z86) -> Yes | AC86: =PROPER(AA86) -> Yes | AG86: Id73 | AH86: 48.8 | AI86: =IF(AH86<18.5,"Under Weight",IF(AH86<=24.9,"Normal Weight",IF(AH86<=29.9,"Over Weight","Obesity"))) -> Obesity | AP86: Id73 | AQ86: 6.22 | AR86: =IF(AQ86<5.7,"Normal",IF(AQ86<=6.5,"Prediabetes","Diabetes")) -> Prediabetes
A87: Id86 | B87: 51.28 | C87: 4.68 | D87: No | E87: No | F87: No | G87: 2 | H87: 2 | I87: yes | J87: yes | K87: =IF(B87<18.5,"Under Weight",IF(B87<=24.9,"Normal Weight",IF(B87<=29.9,"Over Weight","Obesity"))) -> Obesity | L87: =IF(C87<5.7,"Normal",IF(C87<=6.4,"Prediabetes","Diabetes")) -> Normal | P87: 1 | Q87: 1 | Y87: Id80 | Z87: No | AA87: yes | AB87: =PROPER(Z87) -> No | AC87: =PROPER(AA87) -> Yes | AG87: Id74 | AH87: 45.5 | AI87: =IF(AH87<18.5,"Under Weight",IF(AH87<=24.9,"Normal Weight",IF(AH87<=29.9,"Over Weight","Obesity"))) -> Obesity | AP87: Id74 | AQ87: 7.96 | AR87: =IF(AQ87<5.7,"Normal",IF(AQ87<=6.5,"Prediabetes","Diabetes")) -> Diabetes
A88: Id87 | B88: 34.96 | C88: 4.34 | D88: No | E88: No | F88: Yes | G88: 1 | H88: 1 | I88: yes | J88: yes | K88: =IF(B88<18.5,"Under Weight",IF(B88<=24.9,"Normal Weight",IF(B88<=29.9,"Over Weight","Obesity"))) -> Obesity | L88: =IF(C88<5.7,"Normal",IF(C88<=6.4,"Prediabetes","Diabetes")) -> Normal | P88: 1 | Q88: 1 | Y88: Id81 | Z88: yes | AA88: yes | AB88: =PROPER(Z88) -> Yes | AC88: =PROPER(AA88) -> Yes | AG88: Id75 | AH88: 53.61 | AI88: =IF(AH88<18.5,"Under Weight",IF(AH88<=24.9,"Normal Weight",IF(AH88<=29.9,"Over Weight","Obesity"))) -> Obesity | AP88: Id75 | AQ88: 10.92 | AR88: =IF(AQ88<5.7,"Normal",IF(AQ88<=6.5,"Prediabetes","Diabetes")) -> Diabetes
A89: Id88 | B89: 33.11 | C89: 10.51 | D89: No | E89: No | F89: No | G89: No major surgery | H89: 0 | I89: yes | J89: yes | K89: =IF(B89<18.5,"Under Weight",IF(B89<=24.9,"Normal Weight",IF(B89<=29.9,"Over Weight","Obesity"))) -> Obesity | L89: =IF(C89<5.7,"Normal",IF(C89<=6.4,"Prediabetes","Diabetes")) -> Diabetes | P89: No major surgery | Q89: 0 | Y89: Id82 | Z89: No | AA89: yes | AB89: =PROPER(Z89) -> No | AC89: =PROPER(AA89) -> Yes | AG89: Id76 | AH89: 36.19 | AI89: =IF(AH89<18.5,"Under Weight",IF(AH89<=24.9,"Normal Weight",IF(AH89<=29.9,"Over Weight","Obesity"))) -> Obesity | AP89: Id76 | AQ89: 11.51 | AR89: =IF(AQ89<5.7,"Normal",IF(AQ89<=6.5,"Prediabetes","Diabetes")) -> Diabetes
A90: Id89 | B90: 54.74 | C90: 5.84 | D90: yes | E90: No | F90: Yes | G90: 1 | H90: 1 | I90: yes | J90: yes | K90: =IF(B90<18.5,"Under Weight",IF(B90<=24.9,"Normal Weight",IF(B90<=29.9,"Over Weight","Obesity"))) -> Obesity | L90: =IF(C90<5.7,"Normal",IF(C90<=6.4,"Prediabetes","Diabetes")) -> Prediabetes | P90: No major surgery | Q90: 0 | Y90: Id83 | Z90: yes | AA90: yes | AB90: =PROPER(Z90) -> Yes | AC90: =PROPER(AA90) -> Yes | AG90: Id77 | AH90: 34.6 | AI90: =IF(AH90<18.5,"Under Weight",IF(AH90<=24.9,"Normal Weight",IF(AH90<=29.9,"Over Weight","Obesity"))) -> Obesity | AP90: Id77 | AQ90: 5.99 | AR90: =IF(AQ90<5.7,"Normal",IF(AQ90<=6.5,"Prediabetes","Diabetes")) -> Prediabetes
A91: Id90 | B91: 32.56 | C91: 5.41 | D91: No | E91: No | F91: Yes | G91: 1 | H91: 1 | I91: yes | J91: yes | K91: =IF(B91<18.5,"Under Weight",IF(B91<=24.9,"Normal Weight",IF(B91<=29.9,"Over Weight","Obesity"))) -> Obesity | L91: =IF(C91<5.7,"Normal",IF(C91<=6.4,"Prediabetes","Diabetes")) -> Normal | P91: No major surgery | Q91: 0 | Y91: Id84 | Z91: yes | AA91: yes | AB91: =PROPER(Z91) -> Yes | AC91: =PROPER(AA91) -> Yes | AG91: Id78 | AH91: 54.12 | AI91: =IF(AH91<18.5,"Under Weight",IF(AH91<=24.9,"Normal Weight",IF(AH91<=29.9,"Over Weight","Obesity"))) -> Obesity | AP91: Id78 | AQ91: 11.57 | AR91: =IF(AQ91<5.7,"Normal",IF(AQ91<=6.5,"Prediabetes","Diabetes")) -> Diabetes
A92: Id91 | B92: 39.05 | C92: 6.06 | D92: No | E92: No | F92: No | G92: 1 | H92: 1 | I92: yes | J92: yes | K92: =IF(B92<18.5,"Under Weight",IF(B92<=24.9,"Normal Weight",IF(B92<=29.9,"Over Weight","Obesity"))) -> Obesity | L92: =IF(C92<5.7,"Normal",IF(C92<=6.4,"Prediabetes","Diabetes")) -> Prediabetes | P92: No major surgery | Q92: 0 | Y92: Id85 | Z92: No | AA92: yes | AB92: =PROPER(Z92) -> No | AC92: =PROPER(AA92) -> Yes | AG92: Id79 | AH92: 48.82 | AI92: =IF(AH92<18.5,"Under Weight",IF(AH92<=24.9,"Normal Weight",IF(AH92<=29.9,"Over Weight","Obesity"))) -> Obesity | AP92: Id79 | AQ92: 6.67 | AR92: =IF(AQ92<5.7,"Normal",IF(AQ92<=6.5,"Prediabetes","Diabetes")) -> Diabetes
A93: Id92 | B93: 42.75 | C93: 4.22 | D93: No | E93: No | F93: No | G93: No major surgery | H93: 0 | I93: yes | J93: yes | K93: =IF(B93<18.5,"Under Weight",IF(B93<=24.9,"Normal Weight",IF(B93<=29.9,"Over Weight","Obesity"))) -> Obesity | L93: =IF(C93<5.7,"Normal",IF(C93<=6.4,"Prediabetes","Diabetes")) -> Normal | P93: 1 | Q93: 1 | Y93: Id86 | Z93: No | AA93: yes | AB93: =PROPER(Z93) -> No | AC93: =PROPER(AA93) -> Yes | AG93: Id80 | AH93: 51.01 | AI93: =IF(AH93<18.5,"Under Weight",IF(AH93<=24.9,"Normal Weight",IF(AH93<=29.9,"Over Weight","Obesity"))) -> Obesity | AP93: Id80 | AQ93: 9.2 | AR93: =IF(AQ93<5.7,"Normal",IF(AQ93<=6.5,"Prediabetes","Diabetes")) -> Diabetes
A94: Id93 | B94: 50.58 | C94: 5.12 | D94: No | E94: No | F94: No | G94: 2 | H94: 2 | I94: yes | J94: yes | K94: =IF(B94<18.5,"Under Weight",IF(B94<=24.9,"Normal Weight",IF(B94<=29.9,"Over Weight","Obesity"))) -> Obesity | L94: =IF(C94<5.7,"Normal",IF(C94<=6.4,"Prediabetes","Diabetes")) -> Normal | P94: No major surgery | Q94: 0 | Y94: Id87 | Z94: No | AA94: yes | AB94: =PROPER(Z94) -> No | AC94: =PROPER(AA94) -> Yes | AG94: Id81 | AH94: 45.65 | AI94: =IF(AH94<18.5,"Under Weight",IF(AH94<=24.9,"Normal Weight",IF(AH94<=29.9,"Over Weight","Obesity"))) -> Obesity | AP94: Id81 | AQ94: 5.11 | AR94: =IF(AQ94<5.7,"Normal",IF(AQ94<=6.5,"Prediabetes","Diabetes")) -> Normal
A95: Id94 | B95: 30.495 | C95: 4.57 | D95: yes | E95: No | F95: No | G95: No major surgery | H95: 0 | I95: yes | J95: yes | K95: =IF(B95<18.5,"Under Weight",IF(B95<=24.9,"Normal Weight",IF(B95<=29.9,"Over Weight","Obesity"))) -> Obesity | L95: =IF(C95<5.7,"Normal",IF(C95<=6.4,"Prediabetes","Diabetes")) -> Normal | P95: 1 | Q95: 1 | Y95: Id88 | Z95: No | AA95: yes | AB95: =PROPER(Z95) -> No | AC95: =PROPER(AA95) -> Yes | AG95: Id82 | AH95: 52.9 | AI95: =IF(AH95<18.5,"Under Weight",IF(AH95<=24.9,"Normal Weight",IF(AH95<=29.9,"Over Weight","Obesity"))) -> Obesity | AP95: Id82 | AQ95: 5.34 | AR95: =IF(AQ95<5.7,"Normal",IF(AQ95<=6.5,"Prediabetes","Diabetes")) -> Normal
A96: Id95 | B96: 48.31 | C96: 9.58 | D96: yes | E96: No | F96: No | G96: 2 | H96: 2 | I96: yes | J96: yes | K96: =IF(B96<18.5,"Under Weight",IF(B96<=24.9,"Normal Weight",IF(B96<=29.9,"Over Weight","Obesity"))) -> Obesity | L96: =IF(C96<5.7,"Normal",IF(C96<=6.4,"Prediabetes","Diabetes")) -> Diabetes | P96: 1 | Q96: 1 | Y96: Id89 | Z96: yes | AA96: yes | AB96: =PROPER(Z96) -> Yes | AC96: =PROPER(AA96) -> Yes | AG96: Id83 | AH96: 45.41 | AI96: =IF(AH96<18.5,"Under Weight",IF(AH96<=24.9,"Normal Weight",IF(AH96<=29.9,"Over Weight","Obesity"))) -> Obesity | AP96: Id83 | AQ96: 4.03 | AR96: =IF(AQ96<5.7,"Normal",IF(AQ96<=6.5,"Prediabetes","Diabetes")) -> Normal
A97: Id96 | B97: 48.99 | C97: 9.78 | D97: yes | E97: No | F97: No | G97: 1 | H97: 1 | I97: yes | J97: yes | K97: =IF(B97<18.5,"Under Weight",IF(B97<=24.9,"Normal Weight",IF(B97<=29.9,"Over Weight","Obesity"))) -> Obesity | L97: =IF(C97<5.7,"Normal",IF(C97<=6.4,"Prediabetes","Diabetes")) -> Diabetes | P97: 2 | Q97: 2 | Y97: Id90 | Z97: No | AA97: yes | AB97: =PROPER(Z97) -> No | AC97: =PROPER(AA97) -> Yes | AG97: Id84 | AH97: 49.41 | AI97: =IF(AH97<18.5,"Under Weight",IF(AH97<=24.9,"Normal Weight",IF(AH97<=29.9,"Over Weight","Obesity"))) -> Obesity | AP97: Id84 | AQ97: 4.23 | AR97: =IF(AQ97<5.7,"Normal",IF(AQ97<=6.5,"Prediabetes","Diabetes")) -> Normal
A98: Id97 | B98: 38.39 | C98: 4.11 | D98: yes | E98: No | F98: No | G98: No major surgery | H98: 0 | I98: yes | J98: yes | K98: =IF(B98<18.5,"Under Weight",IF(B98<=24.9,"Normal Weight",IF(B98<=29.9,"Over Weight","Obesity"))) -> Obesity | L98: =IF(C98<5.7,"Normal",IF(C98<=6.4,"Prediabetes","Diabetes")) -> Normal | P98: 2 | Q98: 2 | Y98: Id91 | Z98: No | AA98: yes | AB98: =PROPER(Z98) -> No | AC98: =PROPER(AA98) -> Yes | AG98: Id85 | AH98: 31.825 | AI98: =IF(AH98<18.5,"Under Weight",IF(AH98<=24.9,"Normal Weight",IF(AH98<=29.9,"Over Weight","Obesity"))) -> Obesity | AP98: Id85 | AQ98: 4.06 | AR98: =IF(AQ98<5.7,"Normal",IF(AQ98<=6.5,"Prediabetes","Diabetes")) -> Normal
A99: Id98 | B99: 44.34 | C99: 4.02 | D99: yes | E99: No | F99: No | G99: 2 | H99: 2 | I99: yes | J99: yes | K99: =IF(B99<18.5,"Under Weight",IF(B99<=24.9,"Normal Weight",IF(B99<=29.9,"Over Weight","Obesity"))) -> Obesity | L99: =IF(C99<5.7,"Normal",IF(C99<=6.4,"Prediabetes","Diabetes")) -> Normal | P99: 1 | Q99: 1 | Y99: Id92 | Z99: No | AA99: yes | AB99: =PROPER(Z99) -> No | AC99: =PROPER(AA99) -> Yes | AG99: Id86 | AH99: 51.28 | AI99: =IF(AH99<18.5,"Under Weight",IF(AH99<=24.9,"Normal Weight",IF(AH99<=29.9,"Over Weight","Obesity"))) -> Obesity | AP99: Id86 | AQ99: 4.68 | AR99: =IF(AQ99<5.7,"Normal",IF(AQ99<=6.5,"Prediabetes","Diabetes")) -> Normal
A100: Id99 | B100: 41.51 | C100: 6.92 | D100: No | E100: No | F100: No | G100: No major surgery | H100: 0 | I100: yes | J100: yes | K100: =IF(B100<18.5,"Under Weight",IF(B100<=24.9,"Normal Weight",IF(B100<=29.9,"Over Weight","Obesity"))) -> Obesity | L100: =IF(C100<5.7,"Normal",IF(C100<=6.4,"Prediabetes","Diabetes")) -> Diabetes | P100: No major surgery | Q100: 0 | Y100: Id93 | Z100: No | AA100: yes | AB100: =PROPER(Z100) -> No | AC100: =PROPER(AA100) -> Yes | AG100: Id87 | AH100: 34.96 | AI100: =IF(AH100<18.5,"Under Weight",IF(AH100<=24.9,"Normal Weight",IF(AH100<=29.9,"Over Weight","Obesity"))) -> Obesity | AP100: Id87 | AQ100: 4.34 | AR100: =IF(AQ100<5.7,"Normal",IF(AQ100<=6.5,"Prediabetes","Diabetes")) -> Normal
...

Sheet Health Care
A1: Customer ID | B1: First Name | C1: BMI | D1: HBA1C | E1: Heart Issues | F1: Any Transplants | G1: Cancer history | H1: NumberOfMajorSurgeries | I1: smoker | J1: weight Status | K1: Diabetes Status | L1: YEAR (lookup) | M1: MONTH (lookup) | N1: date | O1: Date of Birth | P1: Charges ($) | Q1: Hospital tier | R1: City tier | S1: Age | T1: State ID
A2: Id1 | B2: =VLOOKUP(A2,'Customer Names'!$H$6:$K$2340,3,FALSE) -> Kelly | C2: =VLOOKUP(A2,'Medical Examinations'!$A$1:$L$2336,2,FALSE) -> 47.41 | D2: =VLOOKUP(A2,'Medical Examinations'!$A$1:$L$2336,3,FALSE) -> 7.47 | E2: =VLOOKUP(A2,'Medical Examinations'!$A$1:$L$2336,4,FALSE) -> No | F2: =VLOOKUP(A2,'Medical Examinations'!$A$1:$L$2336,5,FALSE) -> No | G2: =VLOOKUP(A2,'Medical Examinations'!$A$1:$L$2336,6,FALSE) -> No | H2: =VLOOKUP(A2,'Medical Examinations'!$A$1:$L$2336,8,FALSE) -> 0 | I2: =VLOOKUP(A2,'Medical Examinations'!$A$1:$L$2336,10,FALSE) -> yes | J2: =VLOOKUP(A2,'Medical Examinations'!$A$1:$L$2336,11,FALSE) -> Obesity | K2: =VLOOKUP(A2,'Medical Examinations'!$A$1:$L$2336,12,FALSE) -> Diabetes | L2: =VLOOKUP(A2,'Hospitalisation Details'!$A$1:$Q$2344,3,FALSE) -> 1992 | M2: =VLOOKUP(A2,'Hospitalisation Details'!$A$1:$Q$2344,5,FALSE) -> Jul | N2: =VLOOKUP(A2,'Hospitalisation Details'!$A$1:$Q$2344,6,FALSE) -> 9 | O2: =VLOOKUP(A2,'Hospitalisation Details'!$A$1:$Q$2344,7,FALSE) -> 33794 | P2: =VLOOKUP(A2,'Hospitalisation Details'!$A$1:$Q$2344,10,FALSE) -> 563.84 | Q2: =VLOOKUP(A2,'Hospitalisation Details'!$A$1:$Q$2344,12,FALSE) -> tier - 2 | R2: =VLOOKUP(A2,'Hospitalisation Details'!$A$1:$Q$2344,14,FALSE) -> tier - 3 | S2: =VLOOKUP(A2,'Hospitalisation Details'!$A$1:$Q$2344,17,FALSE) -> 33 | T2: =VLOOKUP(A2,'Hospitalisation Details'!$A$1:$Q$2336,16,FALSE) -> R1013
A3: Id2 | B3: =VLOOKUP(A3,'Customer Names'!$H$6:$K$2340,3,FALSE) -> Matthew D | C3: =VLOOKUP(A3,'Medical Examinations'!$A$1:$L$2336,2,FALSE) -> 30.36 | D3: =VLOOKUP(A3,'Medical Examinations'!$A$1:$L$2336,3,FALSE) -> 5.77 | E3: =VLOOKUP(A3,'Medical Examinations'!$A$1:$L$2336,4,FALSE) -> No | F3: =VLOOKUP(A3,'Medical Examinations'!$A$1:$L$2336,5,FALSE) -> No | G3: =VLOOKUP(A3,'Medical Examinations'!$A$1:$L$2336,6,FALSE) -> No | H3: =VLOOKUP(A3,'Medical Examinations'!$A$1:$L$2336,8,FALSE) -> 0 | I3: =VLOOKUP(A3,'Medical Examinations'!$A$1:$L$2336,10,FALSE) -> yes | J3: =VLOOKUP(A3,'Medical Examinations'!$A$1:$L$2336,11,FALSE) -> Obesity | K3: =VLOOKUP(A3,'Medical Examinations'!$A$1:$L$2336,12,FALSE) -> Prediabetes | L3: =VLOOKUP(A3,'Hospitalisation Details'!$A$1:$Q$2344,3,FALSE) -> 1992 | M3: =VLOOKUP(A3,'Hospitalisation Details'!$A$1:$Q$2344,5,FALSE) -> Nov | N3: =VLOOKUP(A3,'Hospitalisation Details'!$A$1:$Q$2344,6,FALSE) -> 30 | O3: =VLOOKUP(A3,'Hospitalisation Details'!$A$1:$Q$2344,7,FALSE) -> 33938 | P3: =VLOOKUP(A3,'Hospitalisation Details'!$A$1:$Q$2344,10,FALSE) -> 570.62 | Q3: =VLOOKUP(A3,'Hospitalisation Details'!$A$1:$Q$2344,12,FALSE) -> tier - 2 | R3: =VLOOKUP(A3,'Hospitalisation Details'!$A$1:$Q$2344,14,FALSE) -> tier - 1 | S3: =VLOOKUP(A3,'Hospitalisation Details'!$A$1:$Q$2344,17,FALSE) -> 32 | T3: =VLOOKUP(A3,'Hospitalisation Details'!$A$1:$Q$2336,16,FALSE) -> R1013
A4: Id3 | B4: =VLOOKUP(A4,'Customer Names'!$H$6:$K$2340,3,FALSE) -> Phil | C4: =VLOOKUP(A4,'Medical Examinations'!$A$1:$L$2336,2,FALSE) -> 34.485 | D4: =VLOOKUP(A4,'Medical Examinations'!$A$1:$L$2336,3,FALSE) -> 11.87 | E4: =VLOOKUP(A4,'Medical Examinations'!$A$1:$L$2336,4,FALSE) -> yes | F4: =VLOOKUP(A4,'Medical Examinations'!$A$1:$L$2336,5,FALSE) -> No | G4: =VLOOKUP(A4,'Medical Examinations'!$A$1:$L$2336,6,FALSE) -> No | H4: =VLOOKUP(A4,'Medical Examinations'!$A$1:$L$2336,8,FALSE) -> 2 | I4: =VLOOKUP(A4,'Medical Examinations'!$A$1:$L$2336,10,FALSE) -> yes | J4: =VLOOKUP(A4,'Medical Examinations'!$A$1:$L$2336,11,FALSE) -> Obesity | K4: =VLOOKUP(A4,'Medical Examinations'!$A$1:$L$2336,12,FALSE) -> Diabetes | L4: =VLOOKUP(A4,'Hospitalisation Details'!$A$1:$Q$2344,3,FALSE) -> 1993 | M4: =VLOOKUP(A4,'Hospitalisation Details'!$A$1:$Q$2344,5,FALSE) -> Jun | N4: =VLOOKUP(A4,'Hospitalisation Details'!$A$1:$Q$2344,6,FALSE) -> 30 | O4: =VLOOKUP(A4,'Hospitalisation Details'!$A$1:$Q$2344,7,FALSE) -> 34150 | P4: =VLOOKUP(A4,'Hospitalisation Details'!$A$1:$Q$2344,10,FALSE) -> 600 | Q4: =VLOOKUP(A4,'Hospitalisation Details'!$A$1:$Q$2344,12,FALSE) -> tier - 2 | R4: =VLOOKUP(A4,'Hospitalisation Details'!$A$1:$Q$2344,14,FALSE) -> tier - 1 | S4: =VLOOKUP(A4,'Hospitalisation Details'!$A$1:$Q$2344,17,FALSE) -> 32 | T4: =VLOOKUP(A4,'Hospitalisation Details'!$A$1:$Q$2336,16,FALSE) -> R1013
A5: Id4 | B5: =VLOOKUP(A5,'Customer Names'!$H$6:$K$2340,3,FALSE) -> Kelsey | C5: =VLOOKUP(A5,'Medical Examinations'!$A$1:$L$2336,2,FALSE) -> 38.095 | D5: =VLOOKUP(A5,'Medical Examinations'!$A$1:$L$2336,3,FALSE) -> 6.05 | E5: =VLOOKUP(A5,'Medical Examinations'!$A$1:$L$2336,4,FALSE) -> No | F5: =VLOOKUP(A5,'Medical Examinations'!$A$1:$L$2336,5,FALSE) -> No | G5: =VLOOKUP(A5,'Medical Examinations'!$A$1:$L$2336,6,FALSE) -> No | H5: =VLOOKUP(A5,'Medical Examinations'!$A$1:$L$2336,8,FALSE) -> 0 | I5: =VLOOKUP(A5,'Medical Examinations'!$A$1:$L$2336,10,FALSE) -> yes | J5: =VLOOKUP(A5,'Medical Examinations'!$A$1:$L$2336,11,FALSE) -> Obesity | K5: =VLOOKUP(A5,'Medical Examinations'!$A$1:$L$2336,12,FALSE) -> Prediabetes | L5: =VLOOKUP(A5,'Hospitalisation Details'!$A$1:$Q$2344,3,FALSE) -> 1992 | M5: =VLOOKUP(A5,'Hospitalisation Details'!$A$1:$Q$2344,5,FALSE) -> Sep | N5: =VLOOKUP(A5,'Hospitalisation Details'!$A$1:$Q$2344,6,FALSE) -> 13 | O5: =VLOOKUP(A5,'Hospitalisation Details'!$A$1:$Q$2344,7,FALSE) -> 33860 | P5: =VLOOKUP(A5,'Hospitalisation Details'!$A$1:$Q$2344,10,FALSE) -> 604.54 | Q5: =VLOOKUP(A5,'Hospitalisation Details'!$A$1:$Q$2344,12,FALSE) -> tier - 3 | R5: =VLOOKUP(A5,'Hospitalisation Details'!$A$1:$Q$2344,14,FALSE) -> tier - 3 | S5: =VLOOKUP(A5,'Hospitalisation Details'!$A$1:$Q$2344,17,FALSE) -> 33 | T5: =VLOOKUP(A5,'Hospitalisation Details'!$A$1:$Q$2336,16,FALSE) -> R1013
A6: Id5 | B6: =VLOOKUP(A6,'Customer Names'!$H$6:$K$2340,3,FALSE) -> Kristyn | C6: =VLOOKUP(A6,'Medical Examinations'!$A$1:$L$2336,2,FALSE) -> 35.53 | D6: =VLOOKUP(A6,'Medical Examinations'!$A$1:$L$2336,3,FALSE) -> 5.45 | E6: =VLOOKUP(A6,'Medical Examinations'!$A$1:$L$2336,4,FALSE) -> No | F6: =VLOOKUP(A6,'Medical Examinations'!$A$1:$L$2336,5,FALSE) -> No | G6: =VLOOKUP(A6,'Medical Examinations'!$A$1:$L$2336,6,FALSE) -> No | H6: =VLOOKUP(A6,'Medical Examinations'!$A$1:$L$2336,8,FALSE) -> 0 | I6: =VLOOKUP(A6,'Medical Examinations'!$A$1:$L$2336,10,FALSE) -> yes | J6: =VLOOKUP(A6,'Medical Examinations'!$A$1:$L$2336,11,FALSE) -> Obesity | K6: =VLOOKUP(A6,'Medical Examinations'!$A$1:$L$2336,12,FALSE) -> Normal | L6: =VLOOKUP(A6,'Hospitalisation Details'!$A$1:$Q$2344,3,FALSE) -> 1998 | M6: =VLOOKUP(A6,'Hospitalisation Details'!$A$1:$Q$2344,5,FALSE) -> Jul | N6: =VLOOKUP(A6,'Hospitalisation Details'!$A$1:$Q$2344,6,FALSE) -> 27 | O6: =VLOOKUP(A6,'Hospitalisation Details'!$A$1:$Q$2344,7,FALSE) -> 36003 | P6: =VLOOKUP(A6,'Hospitalisation Details'!$A$1:$Q$2344,10,FALSE) -> 637.26 | Q6: =VLOOKUP(A6,'Hospitalisation Details'!$A$1:$Q$2344,12,FALSE) -> tier - 3 | R6: =VLOOKUP(A6,'Hospitalisation Details'!$A$1:$Q$2344,14,FALSE) -> tier - 3 | S6: =VLOOKUP(A6,'Hospitalisation Details'!$A$1:$Q$2344,17,FALSE) -> 27 | T6: =VLOOKUP(A6,'Hospitalisation Details'!$A$1:$Q$2336,16,FALSE) -> R1013
A7: Id6 | B7: =VLOOKUP(A7,'Customer Names'!$H$6:$K$2340,3,FALSE) -> Russell B | C7: =VLOOKUP(A7,'Medical Examinations'!$A$1:$L$2336,2,FALSE) -> 32.8 | D7: =VLOOKUP(A7,'Medical Examinations'!$A$1:$L$2336,3,FALSE) -> 6.59 | E7: =VLOOKUP(A7,'Medical Examinations'!$A$1:$L$2336,4,FALSE) -> No | F7: =VLOOKUP(A7,'Medical Examinations'!$A$1:$L$2336,5,FALSE) -> No | G7: =VLOOKUP(A7,'Medical Examinations'!$A$1:$L$2336,6,FALSE) -> No | H7: =VLOOKUP(A7,'Medical Examinations'!$A$1:$L$2336,8,FALSE) -> 0 | I7: =VLOOKUP(A7,'Medical Examinations'!$A$1:$L$2336,10,FALSE) -> yes | J7: =VLOOKUP(A7,'Medical Examinations'!$A$1:$L$2336,11,FALSE) -> Obesity | K7: =VLOOKUP(A7,'Medical Examinations'!$A$1:$L$2336,12,FALSE) -> Diabetes | L7: =VLOOKUP(A7,'Hospitalisation Details'!$A$1:$Q$2344,3,FALSE) -> 2001 | M7: =VLOOKUP(A7,'Hospitalisation Details'!$A$1:$Q$2344,5,FALSE) -> Nov | N7: =VLOOKUP(A7,'Hospitalisation Details'!$A$1:$Q$2344,6,FALSE) -> 20 | O7: =VLOOKUP(A7,'Hospitalisation Details'!$A$1:$Q$2344,7,FALSE) -> 37215 | P7: =VLOOKUP(A7,'Hospitalisation Details'!$A$1:$Q$2344,10,FALSE) -> 646.14 | Q7: =VLOOKUP(A7,'Hospitalisation Details'!$A$1:$Q$2344,12,FALSE) -> tier - 3 | R7: =VLOOKUP(A7,'Hospitalisation Details'!$A$1:$Q$2344,14,FALSE) -> tier - 3 | S7: =VLOOKUP(A7,'Hospitalisation Details'!$A$1:$Q$2344,17,FALSE) -> 23 | T7: =VLOOKUP(A7,'Hospitalisation Details'!$A$1:$Q$2336,16,FALSE) -> R1012
A8: Id7 | B8: =VLOOKUP(A8,'Customer Names'!$H$6:$K$2340,3,FALSE) -> Scott | C8: =VLOOKUP(A8,'Medical Examinations'!$A$1:$L$2336,2,FALSE) -> 36.4 | D8: =VLOOKUP(A8,'Medical Examinations'!$A$1:$L$2336,3,FALSE) -> 6.07 | E8: =VLOOKUP(A8,'Medical Examinations'!$A$1:$L$2336,4,FALSE) -> No | F8: =VLOOKUP(A8,'Medical Examinations'!$A$1:$L$2336,5,FALSE) -> No | G8: =VLOOKUP(A8,'Medical Examinations'!$A$1:$L$2336,6,FALSE) -> No | H8: =VLOOKUP(A8,'Medical Examinations'!$A$1:$L$2336,8,FALSE) -> 0 | I8: =VLOOKUP(A8,'Medical Examinations'!$A$1:$L$2336,10,FALSE) -> yes | J8: =VLOOKUP(A8,'Medical Examinations'!$A$1:$L$2336,11,FALSE) -> Obesity | K8: =VLOOKUP(A8,'Medical Examinations'!$A$1:$L$2336,12,FALSE) -> Prediabetes | L8: =VLOOKUP(A8,'Hospitalisation Details'!$A$1:$Q$2344,3,FALSE) -> 1993 | M8: =VLOOKUP(A8,'Hospitalisation Details'!$A$1:$Q$2344,5,FALSE) -> Jun | N8: =VLOOKUP(A8,'Hospitalisation Details'!$A$1:$Q$2344,6,FALSE) -> 1 | O8: =VLOOKUP(A8,'Hospitalisation Details'!$A$1:$Q$2344,7,FALSE) -> 34121 | P8: =VLOOKUP(A8,'Hospitalisation Details'!$A$1:$Q$2344,10,FALSE) -> 650 | Q8: =VLOOKUP(A8,'Hospitalisation Details'!$A$1:$Q$2344,12,FALSE) -> tier - 3 | R8: =VLOOKUP(A8,'Hospitalisation Details'!$A$1:$Q$2344,14,FALSE) -> tier - 3 | S8: =VLOOKUP(A8,'Hospitalisation Details'!$A$1:$Q$2344,17,FALSE) -> 32 | T8: =VLOOKUP(A8,'Hospitalisation Details'!$A$1:$Q$2336,16,FALSE) -> R1013
A9: Id8 | B9: =VLOOKUP(A9,'Customer Names'!$H$6:$K$2340,3,FALSE) -> Stephen | C9: =VLOOKUP(A9,'Medical Examinations'!$A$1:$L$2336,2,FALSE) -> 36.96 | D9: =VLOOKUP(A9,'Medical Examinations'!$A$1:$L$2336,3,FALSE) -> 7.93 | E9: =VLOOKUP(A9,'Medical Examinations'!$A$1:$L$2336,4,FALSE) -> No | F9: =VLOOKUP(A9,'Medical Examinations'!$A$1:$L$2336,5,FALSE) -> No | G9: =VLOOKUP(A9,'Medical Examinations'!$A$1:$L$2336,6,FALSE) -> No | H9: =VLOOKUP(A9,'Medical Examinations'!$A$1:$L$2336,8,FALSE) -> 3 | I9: =VLOOKUP(A9,'Medical Examinations'!$A$1:$L$2336,10,FALSE) -> yes | J9: =VLOOKUP(A9,'Medical Examinations'!$A$1:$L$2336,11,FALSE) -> Obesity | K9: =VLOOKUP(A9,'Medical Examinations'!$A$1:$L$2336,12,FALSE) -> Diabetes | L9: =VLOOKUP(A9,'Hospitalisation Details'!$A$1:$Q$2344,3,FALSE) -> 1995 | M9: =VLOOKUP(A9,'Hospitalisation Details'!$A$1:$Q$2344,5,FALSE) -> Jul | N9: =VLOOKUP(A9,'Hospitalisation Details'!$A$1:$Q$2344,6,FALSE) -> 4 | O9: =VLOOKUP(A9,'Hospitalisation Details'!$A$1:$Q$2344,7,FALSE) -> 34884 | P9: =VLOOKUP(A9,'Hospitalisation Details'!$A$1:$Q$2344,10,FALSE) -> 650 | Q9: =VLOOKUP(A9,'Hospitalisation Details'!$A$1:$Q$2344,12,FALSE) -> tier - 3 | R9: =VLOOKUP(A9,'Hospitalisation Details'!$A$1:$Q$2344,14,FALSE) -> tier - 3 | S9: =VLOOKUP(A9,'Hospitalisation Details'!$A$1:$Q$2344,17,FALSE) -> 30 | T9: =VLOOKUP(A9,'Hospitalisation Details'!$A$1:$Q$2336,16,FALSE) -> R1013
A10: Id9 | B10: =VLOOKUP(A10,'Customer Names'!$H$6:$K$2340,3,FALSE) -> Patrick R | C10: =VLOOKUP(A10,'Medical Examinations'!$A$1:$L$2336,2,FALSE) -> 41.14 | D10: =VLOOKUP(A10,'Medical Examinations'!$A$1:$L$2336,3,FALSE) -> 9.58 | E10: =VLOOKUP(A10,'Medical Examinations'!$A$1:$L$2336,4,FALSE) -> yes | F10: =VLOOKUP(A10,'Medical Examinations'!$A$1:$L$2336,5,FALSE) -> No | G10: =VLOOKUP(A10,'Medical Examinations'!$A$1:$L$2336,6,FALSE) -> Yes | H10: =VLOOKUP(A10,'Medical Examinations'!$A$1:$L$2336,8,FALSE) -> 1 | I10: =VLOOKUP(A10,'Medical Examinations'!$A$1:$L$2336,10,FALSE) -> yes | J10: =VLOOKUP(A10,'Medical Examinations'!$A$1:$L$2336,11,FALSE) -> Obesity | K10: =VLOOKUP(A10,'Medical Examinations'!$A$1:$L$2336,12,FALSE) -> Diabetes | L10: =VLOOKUP(A10,'Hospitalisation Details'!$A$1:$Q$2344,3,FALSE) -> 2002 | M10: =VLOOKUP(A10,'Hospitalisation Details'!$A$1:$Q$2344,5,FALSE) -> Nov | N10: =VLOOKUP(A10,'Hospitalisation Details'!$A$1:$Q$2344,6,FALSE) -> 29 | O10: =VLOOKUP(A10,'Hospitalisation Details'!$A$1:$Q$2344,7,FALSE) -> 37589 | P10: =VLOOKUP(A10,'Hospitalisation Details'!$A$1:$Q$2344,10,FALSE) -> 668 | Q10: =VLOOKUP(A10,'Hospitalisation Details'!$A$1:$Q$2344,12,FALSE) -> tier - 3 | R10: =VLOOKUP(A10,'Hospitalisation Details'!$A$1:$Q$2344,14,FALSE) -> tier - 2 | S10: =VLOOKUP(A10,'Hospitalisation Details'!$A$1:$Q$2344,17,FALSE) -> 22 | T10: =VLOOKUP(A10,'Hospitalisation Details'!$A$1:$Q$2336,16,FALSE) -> R1012
A11: Id10 | B11: =VLOOKUP(A11,'Customer Names'!$H$6:$K$2340,3,FALSE) -> Brooke N | C11: =VLOOKUP(A11,'Medical Examinations'!$A$1:$L$2336,2,FALSE) -> 38.06 | D11: =VLOOKUP(A11,'Medical Examinations'!$A$1:$L$2336,3,FALSE) -> 10.79 | E11: =VLOOKUP(A11,'Medical Examinations'!$A$1:$L$2336,4,FALSE) -> No | F11: =VLOOKUP(A11,'Medical Examinations'!$A$1:$L$2336,5,FALSE) -> No | G11: =VLOOKUP(A11,'Medical Examinations'!$A$1:$L$2336,6,FALSE) -> No | H11: =VLOOKUP(A11,'Medical Examinations'!$A$1:$L$2336,8,FALSE) -> 0 | I11: =VLOOKUP(A11,'Medical Examinations'!$A$1:$L$2336,10,FALSE) -> yes | J11: =VLOOKUP(A11,'Medical Examinations'!$A$1:$L$2336,11,FALSE) -> Obesity | K11: =VLOOKUP(A11,'Medical Examinations'!$A$1:$L$2336,12,FALSE) -> Diabetes | L11: =VLOOKUP(A11,'Hospitalisation Details'!$A$1:$Q$2344,3,FALSE) -> 1997 | M11: =VLOOKUP(A11,'Hospitalisation Details'!$A$1:$Q$2344,5,FALSE) -> Nov | N11: =VLOOKUP(A11,'Hospitalisation Details'!$A$1:$Q$2344,6,FALSE) -> 9 | O11: =VLOOKUP(A11,'Hospitalisation Details'!$A$1:$Q$2344,7,FALSE) -> 35743 | P11: =VLOOKUP(A11,'Hospitalisation Details'!$A$1:$Q$2344,10,FALSE) -> 670 | Q11: =VLOOKUP(A11,'Hospitalisation Details'!$A$1:$Q$2344,12,FALSE) -> tier - 3 | R11: =VLOOKUP(A11,'Hospitalisation Details'!$A$1:$Q$2344,14,FALSE) -> tier - 3 | S11: =VLOOKUP(A11,'Hospitalisation Details'!$A$1:$Q$2344,17,FALSE) -> 27 | T11: =VLOOKUP(A11,'Hospitalisation Details'!$A$1:$Q$2336,16,FALSE) -> R1013
A12: Id11 | B12: =VLOOKUP(A12,'Customer Names'!$H$6:$K$2340,3,FALSE) -> Paola Andrea | C12: =VLOOKUP(A12,'Medical Examinations'!$A$1:$L$2336,2,FALSE) -> 37.7 | D12: =VLOOKUP(A12,'Medical Examinations'!$A$1:$L$2336,3,FALSE) -> 5.96 | E12: =VLOOKUP(A12,'Medical Examinations'!$A$1:$L$2336,4,FALSE) -> yes | F12: =VLOOKUP(A12,'Medical Examinations'!$A$1:$L$2336,5,FALSE) -> No | G12: =VLOOKUP(A12,'Medical Examinations'!$A$1:$L$2336,6,FALSE) -> No | H12: =VLOOKUP(A12,'Medical Examinations'!$A$1:$L$2336,8,FALSE) -> 2 | I12: =VLOOKUP(A12,'Medical Examinations'!$A$1:$L$2336,10,FALSE) -> yes | J12: =VLOOKUP(A12,'Medical Examinations'!$A$1:$L$2336,11,FALSE) -> Obesity | K12: =VLOOKUP(A12,'Medical Examinations'!$A$1:$L$2336,12,FALSE) -> Prediabetes | L12: =VLOOKUP(A12,'Hospitalisation Details'!$A$1:$Q$2344,3,FALSE) -> 2001 | M12: =VLOOKUP(A12,'Hospitalisation Details'!$A$1:$Q$2344,5,FALSE) -> Sep | N12: =VLOOKUP(A12,'Hospitalisation Details'!$A$1:$Q$2344,6,FALSE) -> 12 | O12: =VLOOKUP(A12,'Hospitalisation Details'!$A$1:$Q$2344,7,FALSE) -> 37146 | P12: =VLOOKUP(A12,'Hospitalisation Details'!$A$1:$Q$2344,10,FALSE) -> 687.54 | Q12: =VLOOKUP(A12,'Hospitalisation Details'!$A$1:$Q$2344,12,FALSE) -> tier - 3 | R12: =VLOOKUP(A12,'Hospitalisation Details'!$A$1:$Q$2344,14,FALSE) -> tier - 2 | S12: =VLOOKUP(A12,'Hospitalisation Details'!$A$1:$Q$2344,17,FALSE) -> 24 | T12: =VLOOKUP(A12,'Hospitalisation Details'!$A$1:$Q$2336,16,FALSE) -> R1013
A13: Id12 | B13: =VLOOKUP(A13,'Customer Names'!$H$6:$K$2340,3,FALSE) -> David | C13: =VLOOKUP(A13,'Medical Examinations'!$A$1:$L$2336,2,FALSE) -> 42.13 | D13: =VLOOKUP(A13,'Medical Examinations'!$A$1:$L$2336,3,FALSE) -> 11.9 | E13: =VLOOKUP(A13,'Medical Examinations'!$A$1:$L$2336,4,FALSE) -> No | F13: =VLOOKUP(A13,'Medical Examinations'!$A$1:$L$2336,5,FALSE) -> No | G13: =VLOOKUP(A13,'Medical Examinations'!$A$1:$L$2336,6,FALSE) -> No | H13: =VLOOKUP(A13,'Medical Examinations'!$A$1:$L$2336,8,FALSE) -> 0 | I13: =VLOOKUP(A13,'Medical Examinations'!$A$1:$L$2336,10,FALSE) -> yes | J13: =VLOOKUP(A13,'Medical Examinations'!$A$1:$L$2336,11,FALSE) -> Obesity | K13: =VLOOKUP(A13,'Medical Examinations'!$A$1:$L$2336,12,FALSE) -> Diabetes | L13: =VLOOKUP(A13,'Hospitalisation Details'!$A$1:$Q$2344,3,FALSE) -> 1999 | M13: =VLOOKUP(A13,'Hospitalisation Details'!$A$1:$Q$2344,5,FALSE) -> Dec | N13: =VLOOKUP(A13,'Hospitalisation Details'!$A$1:$Q$2344,6,FALSE) -> 26 | O13: =VLOOKUP(A13,'Hospitalisation Details'!$A$1:$Q$2344,7,FALSE) -> 36520 | P13: =VLOOKUP(A13,'Hospitalisation Details'!$A$1:$Q$2344,10,FALSE) -> 700 | Q13: =VLOOKUP(A13,'Hospitalisation Details'!$A$1:$Q$2344,12,FALSE) -> nil | R13: =VLOOKUP(A13,'Hospitalisation Details'!$A$1:$Q$2344,14,FALSE) -> tier - 3 | S13: =VLOOKUP(A13,'Hospitalisation Details'!$A$1:$Q$2344,17,FALSE) -> 25 | T13: =VLOOKUP(A13,'Hospitalisation Details'!$A$1:$Q$2336,16,FALSE) -> R1013
... A2336: Id2335 | B2336: =VLOOKUP(A2336,'Customer Names'!$H$6:$K$2340,3,FALSE) -> Aaron K | C2336: =VLOOKUP(A2336,'Medical Examinations'!$A$1:$L$2336,2,FALSE) -> 17.58 | D2336: =VLOOKUP(A2336,'Medical Examinations'!$A$1:$L$2336,3,FALSE) -> 4.51 | E2336: =VLOOKUP(A2336,'Medical Examinations'!$A$1:$L$2336,4,FALSE) -> No | F2336: =VLOOKUP(A2336,'Medical Examinations'!$A$1:$L$2336,5,FALSE) -> No | G2336: =VLOOKUP(A2336,'Medical Examinations'!$A$1:$L$2336,6,FALSE) -> No | H2336: =VLOOKUP(A2336,'Medical Examinations'!$A$1:$L$2336,8,FALSE) -> 1 | I2336: =VLOOKUP(A2336,'Medical Examinations'!$A$1:$L$2336,10,FALSE) -> No | J2336: =VLOOKUP(A2336,'Medical Examinations'!$A$1:$L$2336,11,FALSE) -> Under Weight | K2336: =VLOOKUP(A2336,'Medical Examinations'!$A$1:$L$2336,12,FALSE) -> Normal | L2336: =VLOOKUP(A2336,'Hospitalisation Details'!$A$1:$Q$2344,3,FALSE) -> 1963 | M2336: =VLOOKUP(A2336,'Hospitalisation Details'!$A$1:$Q$2344,5,FALSE) -> Sep | N2336: =VLOOKUP(A2336,'Hospitalisation Details'!$A$1:$Q$2344,6,FALSE) -> 4 | O2336: =VLOOKUP(A2336,'Hospitalisation Details'!$A$1:$Q$2344,7,FALSE) -> 23258 | P2336: =VLOOKUP(A2336,'Hospitalisation Details'!$A$1:$Q$2344,10,FALSE) -> 48970.25 | Q2336: =VLOOKUP(A2336,'Hospitalisation Details'!$A$1:$Q$2344,12,FALSE) -> tier - 1 | R2336: =VLOOKUP(A2336,'Hospitalisation Details'!$A$1:$Q$2344,14,FALSE) -> tier - 2 | S2336: =VLOOKUP(A2336,'Hospitalisation Details'!$A$1:$Q$2344,17,FALSE) -> 62 | T2336: =VLOOKUP(A2336,'Hospitalisation Details'!$A$1:$Q$2336,16,FALSE) -> R1013

Sheet Pivot Tables
B3: Analysis using Pie/Donut Chart:
B5: ➢ What is the distribution of cancer history among smokers and non-smokers? | G5: ➢ How does the total number of major surgeries and average HbA1C differ between
G6: patients with and without a history of transplants?
B8: Count of Cancer history | C8: Cancer History | H8: Any Transplants | I8: Total Number Of Major Surgeries | J8: Average of HBA1C | K8: Count of Any Transplants
B9: check | C9: No | D9: Count of smoker | E9: Total Cancer History | H9: 0 | I9: 0 | J9: 7.1031378 | K9: 1074
B10: nil | C10: 2 | E10: 2 | H10: 1 | I10: 965 | J10: 5.811658 | K10: 965
B11: non-smokers | C11: 1538 | D11: 307 | E11: 1845 | H11: 2 | I11: 548 | J11: 7.0210949 | K11: 274
B12: smokers | C12: 404 | D12: 84 | E12: 488 | H12: 3 | I12: 66 | J12: 9.1436364 | K12: 22
B13: Total Cancer History | C13: 1944 | D13: 391 | E13: 2335 | H13: Grand Total | I13: 1579 | J13: 6.5789979 | K13: 2335
B37: Analysis using Column/Bar Chart:
B39: ➢ How do healthcare charges vary based on different weight statuses and diabetes statuses?
L40: ➢ Can you compare the average charges for each hospital tier within different states?
B42: Sum of Charges ($)
B43: By Patient | C43: Normal Weight | D43: Obesity | E43: Over Weight | F43: Under Weight | G43: Grand Total | L43: Average of Charges ($) | M43: Column Labels
B44: Diabetes | C44: 1584367 | D44: 3196879.6 | E44: 1507819.1 | F44: 1178108.7 | G44: 7467174.4 | L44: Row Labels | M44: tier - 1 | N44: tier - 2 | O44: tier - 3 | P44: Nil | Q44: Grand Total
B45: Normal | C45: 4376290.4 | D45: 6989007.6 | E45: 3623920.5 | F45: 2202772.4 | G45: 17191991 | L45: R1011 | M45: 32861.436 | N45: 18997.281 | O45: 9250.3618 | Q45: 19445.172
B46: Prediabetes | C46: 1515604.8 | D46: 2805901.8 | E46: 1599635 | F46: 735134.98 | G46: 6656276.5 | L46: R1012 | M46: 24775.306 | N46: 10312.047 | O46: 10179.942 | Q46: 11831.817
B47: Grand Total | C47: 7476262.2 | D47: 12991789 | E47: 6731374.6 | F47: 4116016 | G47: 31315442 | L47: R1013 | M47: 30888.292 | N47: 8203.9277 | O47: 6857.1092 | P47: 700 | Q47: 10302.197
L48: R1014 | M48: 13891.86 | N48: 2395.17 | O48: 16950.485 | Q48: 13478.057
L49: R1015 | M49: 21523.52 | N49: 16433.907 | O49: 7570.755 | Q49: 14489.801
L50: R1016 | M50: 39868.616 | N50: 16075.963 | O50: 8133.0084 | Q50: 13589.263
L51: R1017 | M51: 34070.596 | N51: 11365.622 | O51: 8667.3662 | Q51: 14806.108
L52: R1018 | M52: 33475.82 | N52: 10139.553 | O52: 12570.97 | Q52: 13272.787
L53: R1019 | M53: 27621.61 | N53: 8116.72 | O53: 12706.976 | Q53: 13633.143
L54: R1020 | N54: 6760.5433 | O54: 11716.453 | Q54: 9238.4983
L55: R1021 | N55: 7668.1787 | O55: 11518.786 | Q55: 8933.3781
L56: R1022 | N56: 10102.027 | O56: 11637.812 | Q56: 10650.521
L57: R1023 | M57: 18261.757 | N57: 13457.095 | O57: 12785.637 | Q57: 13786.149
L58: R1024 | M58: 30744.581 | N58: 10174.346 | O58: 13360.979 | Q58: 12577.691
L59: R1025 | N59: 6886.0368 | O59: 10510.314 | Q59: 8788.7823
L60: R1026 | M60: 18709.798 | N60: 11919.608 | O60: 12296.78 | Q60: 12489.921
L61: Unknown | M61: 20996.53 | Q61: 20996.53
L62: Grand Total | M62: 29602.752 | N62: 11807.493 | O62: 9450.2733 | P62: 700 | Q62: 13411.324
C72: Analysis using Line / Scatter Plot:
C74: Is there any correlation between age and both BMI and HbA1C in the dataset?
B77: Row Labels | C77: Average of BMI | D77: Average of HBA1C
B78: 20 | C78: 34.517143 | D78: 7.0283333
B79: 21 | C79: 34.359505 | D79: 6.491978
B80: 22 | C80: 33.640536 | D80: 6.7407143
B81: 23 | C81: 30.813125 | D81: 6.856875
B82: 24 | C82: 32.742059 | D82: 6.4003922
B83: 25 | C83: 34.301522 | D83: 6.2771739
B84: 26 | C84: 33.043478 | D84: 6.2726087
B85: 27 | C85: 31.66161 | D85: 6.9632203
B86: 28 | C86: 31.069634 | D86: 7.4307317
B87: 29 | C87: 32.809375 | D87: 5.9932143
B88: 30 | C88: 31.8925 | D88: 6.7584
B89: 31 | C89: 31.063393 | D89: 7.0403571
... B100: 42 | C100: 31.316154 | D100: 7.3688462
B101: 43 | C101: 29.518367 | D101: 6.2420408 | L101: Explore the relationship between age and healthcare charges
B102: 44 | C102: 31.254 | D102: 6.4026
B103: 45 | C103: 29.606827 | D103: 6.04
B104: 46 | C104: 30.697264 | D104: 6.7054717 | L104: Row Labels | M104: Sum of Charges ($)
B105: 47 | C105: 32.366707 | D105: 6.4219512 | L105: 20 | M105: 612462.85
B106: 48 | C106: 30.83375 | D106: 6.2194231 | L106: 21 | M106: 790727.97
B107: 49 | C107: 29.90125 | D107: 6.2265385 | L107: 22 | M107: 436360.89
B108: 50 | C108: 29.259831 | D108: 6.4510169 | L108: 23 | M108: 281442.52
B109: 51 | C109: 31.2195 | D109: 6.576 | L109: 24 | M109: 551844.14
B110: 52 | C110: 30.737 | D110: 7.185 | L110: 25 | M110: 479158.93
B111: 53 | C111: 30.031204 | D111: 6.7172222 | L111: 26 | M111: 386392.11
B112: 54 | C112: 28.5908 | D112: 6.6292 | L112: 27 | M112: 577048.48
B113: 55 | C113: 29.61661 | D113: 6.6005085 | L113: 28 | M113: 299016.26
B114: 56 | C114: 27.702872 | D114: 6.8306383 | L114: 29 | M114: 582872.83
B115: 57 | C115: 29.242556 | D115: 6.2215556 | L115: 30 | M115: 411122.07
B116: 58 | C116: 28.193977 | D116: 6.4645455 | L116: 31 | M116: 626857.02
... B125: 67 | C125: 21.0525 | D125: 5.0425 | L125: 40 | M125: 418865.93
B126: NIL | C126: 26.225 | D126: 7.305 | L126: 41 | M126: 620052.09
B127: Grand Total | C127: 30.972649 | D127: 6.5789979 | L127: 42 | M127: 648263.05
L128: 43 | M128: 626943.32
L129: 44 | M129: 652826.93
L130: 45 | M130: 891531.71
L131: 46 | M131: 834036.64
L132: 47 | M132: 580732.32
L133: 48 | M133: 906373.75
L134: 49 | M134: 978580
L135: 50 | M135: 949338.63
L136: 51 | M136: 684239.05
L137: 52 | M137: 971673.25
L138: 53 | M138: 961928.75
L139: 54 | M139: 816526.04
... L152: 67 | M152: 86773.05
L153: nil | M153: 17082.36
L154: Grand Total | M154: 31315442

Sheet Dashboard
C1: Dashboard Creation
